Parameter Code,POC,Parameter Name,Duration Description,Date (Local),Year,Day In Year (Local),Units of Measure,Observation Count,Observation Percent,Arithmetic Mean,Nonreg First Maximum Value,First Maximum Value,First Maximum Hour,AQI,Daily Criteria Indicator,Data Source
88101,4,PM2.5 - Local Conditions,1 HOUR,2025-01-01,2025,1,Micrograms/cubic meter (LC),16,67.0,7.21875,,12.5,19,.,N,AQS Data Mart
81102,4,PM10 Total 0-10um STP,1 HOUR,2025-01-01,2025,1,Micrograms/cubic meter (25 C),24,100.0,18.175,,34.9,15,.,Y,AQS Data Mart
81102,4,PM10 Total 0-10um STP,24-HR BLK AVG,2025-01-01,2025,1,Micrograms/cubic meter (25 C),1,100.0,18.0,,18.0,23,17,Y,AQS Data Mart
88101,4,PM2.5 - Local Conditions,1 HOUR,2025-01-02,2025,2,Micrograms/cubic meter (LC),24,100.0,8.633333,,15.5,7,.,Y,AQS Data Mart
88101,4,PM2.5 - Local Conditions,24-HR BLK AVG,2025-01-02,2025,2,Micrograms/cubic meter (LC),1,100.0,8.6,,8.6,0,48,Y,AQS Data Mart
88101,4,PM2.5 - Local Conditions,24-HR BLK AVG,2025-01-02,2025,2,Micrograms/cubic meter (LC),1,100.0,8.6,,8.6,0,48,Y,AQS Data Mart
81102,4,PM10 Total 0-10um STP,1 HOUR,2025-01-02,2025,2,Micrograms/cubic meter (25 C),24,100.0,26.366667,,47.2,17,.,Y,AQS Data Mart
81102,4,PM10 Total 0-10um STP,24-HR BLK AVG,2025-01-02,2025,2,Micrograms/cubic meter (25 C),1,100.0,26.0,,26.0,23,24,Y,AQS Data Mart
88101,4,PM2.5 - Local Conditions,1 HOUR,2025-01-03,2025,3,Micrograms/cubic meter (LC),24,100.0,14.870833,,23.5,19,.,Y,AQS Data Mart
88101,4,PM2.5 - Local Conditions,24-HR BLK AVG,2025-01-03,2025,3,Micrograms/cubic meter (LC),1,100.0,14.8,,14.8,0,62,Y,AQS Data Mart
88101,4,PM2.5 - Local Conditions,24-HR BLK AVG,2025-01-03,2025,3,Micrograms/cubic meter (LC),1,100.0,14.8,,14.8,0,62,Y,AQS Data Mart
81102,4,PM10 Total 0-10um STP,1 HOUR,2025-01-03,2025,3,Micrograms/cubic meter (25 C),24,100.0,29.908333,,59.8,19,.,Y,AQS Data Mart
81102,4,PM10 Total 0-10um STP,24-HR BLK AVG,2025-01-03,2025,3,Micrograms/cubic meter (25 C),1,100.0,29.0,,29.0,23,27,Y,AQS Data Mart
88101,4,PM2.5 - Local Conditions,1 HOUR,2025-01-04,2025,4,Micrograms/cubic meter (LC),24,100.0,9.2625,,13.2,7,.,Y,AQS Data Mart
88101,4,PM2.5 - Local Conditions,24-HR BLK AVG,2025-01-04,2025,4,Micrograms/cubic meter (LC),1,100.0,9.2,,9.2,0,51,Y,AQS Data Mart
88101,4,PM2.5 - Local Conditions,24-HR BLK AVG,2025-01-04,2025,4,Micrograms/cubic meter (LC),1,100.0,9.2,,9.2,0,51,Y,AQS Data Mart
81102,4,PM10 Total 0-10um STP,1 HOUR,2025-01-04,2025,4,Micrograms/cubic meter (25 C),24,100.0,17.295833,,24.6,5,.,Y,AQS Data Mart
81102,4,PM10 Total 0-10um STP,24-HR BLK AVG,2025-01-04,2025,4,Micrograms/cubic meter (25 C),1,100.0,17.0,,17.0,23,16,Y,AQS Data Mart
88101,4,PM2.5 - Local Conditions,1 HOUR,2025-01-05,2025,5,Micrograms/cubic meter (LC),24,100.0,8.145833,,23.9,21,.,Y,AQS Data Mart
88101,4,PM2.5 - Local Conditions,24-HR BLK AVG,2025-01-05,2025,5,Micrograms/cubic meter (LC),1,100.0,8.1,,8.1,0,45,Y,AQS Data Mart
88101,4,PM2.5 - Local Conditions,24-HR BLK AVG,2025-01-05,2025,5,Micrograms/cubic meter (LC),1,100.0,8.1,,8.1,0,45,Y,AQS Data Mart
81102,4,PM10 Total 0-10um STP,1 HOUR,2025-01-05,2025,5,Micrograms/cubic meter (25 C),24,100.0,15.454167,,42.1,21,.,Y,AQS Data Mart
81102,4,PM10 Total 0-10um STP,24-HR BLK AVG,2025-01-05,2025,5,Micrograms/cubic meter (25 C),1,100.0,15.0,,15.0,23,14,Y,AQS Data Mart
88101,4,PM2.5 - Local Conditions,1 HOUR,2025-01-06,2025,6,Micrograms/cubic meter (LC),24,100.0,11.204167,,17.3,8,.,Y,AQS Data Mart
88101,4,PM2.5 - Local Conditions,24-HR BLK AVG,2025-01-06,2025,6,Micrograms/cubic meter (LC),1,100.0,11.2,,11.2,0,55,Y,AQS Data Mart
88101,4,PM2.5 - Local Conditions,24-HR BLK AVG,2025-01-06,2025,6,Micrograms/cubic meter (LC),1,100.0,11.2,,11.2,0,55,Y,AQS Data Mart
81102,4,PM10 Total 0-10um STP,1 HOUR,2025-01-06,2025,6,Micrograms/cubic meter (25 C),24,100.0,24.0,,45.6,9,.,Y,AQS Data Mart
81102,4,PM10 Total 0-10um STP,24-HR BLK AVG,2025-01-06,2025,6,Micrograms/cubic meter (25 C),1,100.0,24.0,,24.0,23,22,Y,AQS Data Mart
88101,4,PM2.5 - Local Conditions,1 HOUR,2025-01-07,2025,7,Micrograms/cubic meter (LC),24,100.0,11.1375,,28.1,21,.,Y,AQS Data Mart
88101,4,PM2.5 - Local Conditions,24-HR BLK AVG,2025-01-07,2025,7,Micrograms/cubic meter (LC),1,100.0,11.1,,11.1,0,55,Y,AQS Data Mart
88101,4,PM2.5 - Local Conditions,24-HR BLK AVG,2025-01-07,2025,7,Micrograms/cubic meter (LC),1,100.0,11.1,,11.1,0,55,Y,AQS Data Mart
81102,4,PM10 Total 0-10um STP,1 HOUR,2025-01-07,2025,7,Micrograms/cubic meter (25 C),24,100.0,15.8875,,36.2,21,.,Y,AQS Data Mart
81102,4,PM10 Total 0-10um STP,24-HR BLK AVG,2025-01-07,2025,7,Micrograms/cubic meter (25 C),1,100.0,15.0,,15.0,23,14,Y,AQS Data Mart
88101,4,PM2.5 - Local Conditions,1 HOUR,2025-01-08,2025,8,Micrograms/cubic meter (LC),24,100.0,12.079167,,19.5,0,.,Y,AQS Data Mart
88101,4,PM2.5 - Local Conditions,24-HR BLK AVG,2025-01-08,2025,8,Micrograms/cubic meter (LC),1,100.0,12.0,,12.0,0,56,Y,AQS Data Mart
88101,4,PM2.5 - Local Conditions,24-HR BLK AVG,2025-01-08,2025,8,Micrograms/cubic meter (LC),1,100.0,12.0,,12.0,0,56,Y,AQS Data Mart
81102,4,PM10 Total 0-10um STP,1 HOUR,2025-01-08,2025,8,Micrograms/cubic meter (25 C),24,100.0,25.9,,35.8,10,.,Y,AQS Data Mart
81102,4,PM10 Total 0-10um STP,24-HR BLK AVG,2025-01-08,2025,8,Micrograms/cubic meter (25 C),1,100.0,25.0,,25.0,23,23,Y,AQS Data Mart
88101,4,PM2.5 - Local Conditions,1 HOUR,2025-01-09,2025,9,Micrograms/cubic meter (LC),24,100.0,3.083333,,10.3,0,.,Y,AQS Data Mart
88101,4,PM2.5 - Local Conditions,24-HR BLK AVG,2025-01-09,2025,9,Micrograms/cubic meter (LC),1,100.0,3.0,,3.0,0,17,Y,AQS Data Mart
88101,4,PM2.5 - Local Conditions,24-HR BLK AVG,2025-01-09,2025,9,Micrograms/cubic meter (LC),1,100.0,3.0,,3.0,0,17,Y,AQS Data Mart
81102,4,PM10 Total 0-10um STP,1 HOUR,2025-01-09,2025,9,Micrograms/cubic meter (25 C),24,100.0,9.258333,,22.1,0,.,Y,AQS Data Mart
81102,4,PM10 Total 0-10um STP,24-HR BLK AVG,2025-01-09,2025,9,Micrograms/cubic meter (25 C),1,100.0,9.0,,9.0,23,8,Y,AQS Data Mart
88101,4,PM2.5 - Local Conditions,1 HOUR,2025-01-10,2025,10,Micrograms/cubic meter (LC),22,92.0,7.781818,,15.9,19,.,Y,AQS Data Mart
88101,4,PM2.5 - Local Conditions,24-HR BLK AVG,2025-01-10,2025,10,Micrograms/cubic meter (LC),1,100.0,7.7,,7.7,0,43,Y,AQS Data Mart
88101,4,PM2.5 - Local Conditions,24-HR BLK AVG,2025-01-10,2025,10,Micrograms/cubic meter (LC),1,100.0,7.7,,7.7,0,43,Y,AQS Data Mart
81102,4,PM10 Total 0-10um STP,1 HOUR,2025-01-10,2025,10,Micrograms/cubic meter (25 C),22,92.0,24.095455,,45.0,19,.,Y,AQS Data Mart
81102,4,PM10 Total 0-10um STP,24-HR BLK AVG,2025-01-10,2025,10,Micrograms/cubic meter (25 C),1,100.0,24.0,,24.0,23,22,Y,AQS Data Mart
88101,4,PM2.5 - Local Conditions,1 HOUR,2025-01-11,2025,11,Micrograms/cubic meter (LC),24,100.0,3.066667,,10.7,0,.,Y,AQS Data Mart
88101,4,PM2.5 - Local Conditions,24-HR BLK AVG,2025-01-11,2025,11,Micrograms/cubic meter (LC),1,100.0,3.0,,3.0,0,17,Y,AQS Data Mart
88101,4,PM2.5 - Local Conditions,24-HR BLK AVG,2025-01-11,2025,11,Micrograms/cubic meter (LC),1,100.0,3.0,,3.0,0,17,Y,AQS Data Mart
81102,4,PM10 Total 0-10um STP,1 HOUR,2025-01-11,2025,11,Micrograms/cubic meter (25 C),24,100.0,9.125,,27.1,0,.,Y,AQS Data Mart
81102,4,PM10 Total 0-10um STP,24-HR BLK AVG,2025-01-11,2025,11,Micrograms/cubic meter (25 C),1,100.0,9.0,,9.0,23,8,Y,AQS Data Mart
88101,4,PM2.5 - Local Conditions,1 HOUR,2025-01-12,2025,12,Micrograms/cubic meter (LC),24,100.0,3.8375,,8.5,5,.,Y,AQS Data Mart
88101,4,PM2.5 - Local Conditions,24-HR BLK AVG,2025-01-12,2025,12,Micrograms/cubic meter (LC),1,100.0,3.8,,3.8,0,21,Y,AQS Data Mart
88101,4,PM2.5 - Local Conditions,24-HR BLK AVG,2025-01-12,2025,12,Micrograms/cubic meter (LC),1,100.0,3.8,,3.8,0,21,Y,AQS Data Mart
81102,4,PM10 Total 0-10um STP,1 HOUR,2025-01-12,2025,12,Micrograms/cubic meter (25 C),24,100.0,9.55,,17.8,5,.,Y,AQS Data Mart
81102,4,PM10 Total 0-10um STP,24-HR BLK AVG,2025-01-12,2025,12,Micrograms/cubic meter (25 C),1,100.0,9.0,,9.0,23,8,Y,AQS Data Mart
88101,4,PM2.5 - Local Conditions,1 HOUR,2025-01-13,2025,13,Micrograms/cubic meter (LC),24,100.0,4.229167,,11.3,8,.,Y,AQS Data Mart
88101,4,PM2.5 - Local Conditions,24-HR BLK AVG,2025-01-13,2025,13,Micrograms/cubic meter (LC),1,100.0,4.2,,4.2,0,23,Y,AQS Data Mart
88101,4,PM2.5 - Local Conditions,24-HR BLK AVG,2025-01-13,2025,13,Micrograms/cubic meter (LC),1,100.0,4.2,,4.2,0,23,Y,AQS Data Mart
81102,4,PM10 Total 0-10um STP,1 HOUR,2025-01-13,2025,13,Micrograms/cubic meter (25 C),24,100.0,12.470833,,27.9,8,.,Y,AQS Data Mart
81102,4,PM10 Total 0-10um STP,24-HR BLK AVG,2025-01-13,2025,13,Micrograms/cubic meter (25 C),1,100.0,12.0,,12.0,23,11,Y,AQS Data Mart
88101,4,PM2.5 - Local Conditions,1 HOUR,2025-01-14,2025,14,Micrograms/cubic meter (LC),24,100.0,4.345833,,7.1,23,.,Y,AQS Data Mart
88101,4,PM2.5 - Local Conditions,24-HR BLK AVG,2025-01-14,2025,14,Micrograms/cubic meter (LC),1,100.0,4.3,,4.3,0,24,Y,AQS Data Mart
88101,4,PM2.5 - Local Conditions,24-HR BLK AVG,2025-01-14,2025,14,Micrograms/cubic meter (LC),1,100.0,4.3,,4.3,0,24,Y,AQS Data Mart
81102,4,PM10 Total 0-10um STP,1 HOUR,2025-01-14,2025,14,Micrograms/cubic meter (25 C),24,100.0,17.041667,,38.4,18,.,Y,AQS Data Mart
81102,4,PM10 Total 0-10um STP,24-HR BLK AVG,2025-01-14,2025,14,Micrograms/cubic meter (25 C),1,100.0,17.0,,17.0,23,16,Y,AQS Data Mart
88101,4,PM2.5 - Local Conditions,1 HOUR,2025-01-15,2025,15,Micrograms/cubic meter (LC),24,100.0,6.545833,,17.2,20,.,Y,AQS Data Mart
88101,4,PM2.5 - Local Conditions,24-HR BLK AVG,2025-01-15,2025,15,Micrograms/cubic meter (LC),1,100.0,6.5,,6.5,0,36,Y,AQS Data Mart
88101,4,PM2.5 - Local Conditions,24-HR BLK AVG,2025-01-15,2025,15,Micrograms/cubic meter (LC),1,100.0,6.5,,6.5,0,36,Y,AQS Data Mart
81102,4,PM10 Total 0-10um STP,1 HOUR,2025-01-15,2025,15,Micrograms/cubic meter (25 C),24,100.0,28.254167,,64.9,18,.,Y,AQS Data Mart
81102,4,PM10 Total 0-10um STP,24-HR BLK AVG,2025-01-15,2025,15,Micrograms/cubic meter (25 C),1,100.0,28.0,,28.0,23,26,Y,AQS Data Mart
88101,4,PM2.5 - Local Conditions,1 HOUR,2025-01-16,2025,16,Micrograms/cubic meter (LC),24,100.0,11.9,,24.3,18,.,Y,AQS Data Mart
88101,4,PM2.5 - Local Conditions,24-HR BLK AVG,2025-01-16,2025,16,Micrograms/cubic meter (LC),1,100.0,11.9,,11.9,0,56,Y,AQS Data Mart
88101,4,PM2.5 - Local Conditions,24-HR BLK AVG,2025-01-16,2025,16,Micrograms/cubic meter (LC),1,100.0,11.9,,11.9,0,56,Y,AQS Data Mart
81102,4,PM10 Total 0-10um STP,1 HOUR,2025-01-16,2025,16,Micrograms/cubic meter (25 C),24,100.0,44.2875,,106.7,18,.,Y,AQS Data Mart
81102,4,PM10 Total 0-10um STP,24-HR BLK AVG,2025-01-16,2025,16,Micrograms/cubic meter (25 C),1,100.0,44.0,,44.0,23,41,Y,AQS Data Mart
88101,4,PM2.5 - Local Conditions,1 HOUR,2025-01-17,2025,17,Micrograms/cubic meter (LC),24,100.0,7.408333,,20.4,0,.,Y,AQS Data Mart
88101,4,PM2.5 - Local Conditions,24-HR BLK AVG,2025-01-17,2025,17,Micrograms/cubic meter (LC),1,100.0,7.4,,7.4,0,41,Y,AQS Data Mart
88101,4,PM2.5 - Local Conditions,24-HR BLK AVG,2025-01-17,2025,17,Micrograms/cubic meter (LC),1,100.0,7.4,,7.4,0,41,Y,AQS Data Mart
81102,4,PM10 Total 0-10um STP,1 HOUR,2025-01-17,2025,17,Micrograms/cubic meter (25 C),24,100.0,36.8875,,144.9,13,.,Y,AQS Data Mart
81102,4,PM10 Total 0-10um STP,24-HR BLK AVG,2025-01-17,2025,17,Micrograms/cubic meter (25 C),1,100.0,36.0,,36.0,23,33,Y,AQS Data Mart
88101,4,PM2.5 - Local Conditions,1 HOUR,2025-01-18,2025,18,Micrograms/cubic meter (LC),24,100.0,4.479167,,11.3,22,.,Y,AQS Data Mart
88101,4,PM2.5 - Local Conditions,24-HR BLK AVG,2025-01-18,2025,18,Micrograms/cubic meter (LC),1,100.0,4.4,,4.4,0,24,Y,AQS Data Mart
88101,4,PM2.5 - Local Conditions,24-HR BLK AVG,2025-01-18,2025,18,Micrograms/cubic meter (LC),1,100.0,4.4,,4.4,0,24,Y,AQS Data Mart
81102,4,PM10 Total 0-10um STP,1 HOUR,2025-01-18,2025,18,Micrograms/cubic meter (25 C),24,100.0,8.425,,18.2,22,.,Y,AQS Data Mart
81102,4,PM10 Total 0-10um STP,24-HR BLK AVG,2025-01-18,2025,18,Micrograms/cubic meter (25 C),1,100.0,8.0,,8.0,23,7,Y,AQS Data Mart
88101,4,PM2.5 - Local Conditions,1 HOUR,2025-01-19,2025,19,Micrograms/cubic meter (LC),24,100.0,10.275,,16.7,18,.,Y,AQS Data Mart
88101,4,PM2.5 - Local Conditions,24-HR BLK AVG,2025-01-19,2025,19,Micrograms/cubic meter (LC),1,100.0,10.2,,10.2,0,53,Y,AQS Data Mart
88101,4,PM2.5 - Local Conditions,24-HR BLK AVG,2025-01-19,2025,19,Micrograms/cubic meter (LC),1,100.0,10.2,,10.2,0,53,Y,AQS Data Mart
81102,4,PM10 Total 0-10um STP,1 HOUR,2025-01-19,2025,19,Micrograms/cubic meter (25 C),24,100.0,17.408333,,28.1,18,.,Y,AQS Data Mart
81102,4,PM10 Total 0-10um STP,24-HR BLK AVG,2025-01-19,2025,19,Micrograms/cubic meter (25 C),1,100.0,17.0,,17.0,23,16,Y,AQS Data Mart
88101,4,PM2.5 - Local Conditions,1 HOUR,2025-01-20,2025,20,Micrograms/cubic meter (LC),24,100.0,7.15,,26.7,22,.,Y,AQS Data Mart
88101,4,PM2.5 - Local Conditions,24-HR BLK AVG,2025-01-20,2025,20,Micrograms/cubic meter (LC),1,100.0,7.1,,7.1,0,39,Y,AQS Data Mart
88101,4,PM2.5 - Local Conditions,24-HR BLK AVG,2025-01-20,2025,20,Micrograms/cubic meter (LC),1,100.0,7.1,,7.1,0,39,Y,AQS Data Mart
81102,4,PM10 Total 0-10um STP,1 HOUR,2025-01-20,2025,20,Micrograms/cubic meter (25 C),24,100.0,12.508333,,35.2,22,.,Y,AQS Data Mart
81102,4,PM10 Total 0-10um STP,24-HR BLK AVG,2025-01-20,2025,20,Micrograms/cubic meter (25 C),1,100.0,12.0,,12.0,23,11,Y,AQS Data Mart
88101,4,PM2.5 - Local Conditions,1 HOUR,2025-01-21,2025,21,Micrograms/cubic meter (LC),24,100.0,12.266667,,29.5,14,.,Y,AQS Data Mart
88101,4,PM2.5 - Local Conditions,24-HR BLK AVG,2025-01-21,2025,21,Micrograms/cubic meter (LC),1,100.0,12.2,,12.2,0,57,Y,AQS Data Mart
88101,4,PM2.5 - Local Conditions,24-HR BLK AVG,2025-01-21,2025,21,Micrograms/cubic meter (LC),1,100.0,12.2,,12.2,0,57,Y,AQS Data Mart
81102,4,PM10 Total 0-10um STP,1 HOUR,2025-01-21,2025,21,Micrograms/cubic meter (25 C),24,100.0,23.5625,,64.5,14,.,Y,AQS Data Mart
81102,4,PM10 Total 0-10um STP,24-HR BLK AVG,2025-01-21,2025,21,Micrograms/cubic meter (25 C),1,100.0,23.0,,23.0,23,21,Y,AQS Data Mart
88101,4,PM2.5 - Local Conditions,1 HOUR,2025-01-22,2025,22,Micrograms/cubic meter (LC),24,100.0,3.170833,,9.1,22,.,Y,AQS Data Mart
88101,4,PM2.5 - Local Conditions,24-HR BLK AVG,2025-01-22,2025,22,Micrograms/cubic meter (LC),1,100.0,3.1,,3.1,0,17,Y,AQS Data Mart
88101,4,PM2.5 - Local Conditions,24-HR BLK AVG,2025-01-22,2025,22,Micrograms/cubic meter (LC),1,100.0,3.1,,3.1,0,17,Y,AQS Data Mart
81102,4,PM10 Total 0-10um STP,1 HOUR,2025-01-22,2025,22,Micrograms/cubic meter (25 C),24,100.0,9.733333,,18.1,4,.,Y,AQS Data Mart
81102,4,PM10 Total 0-10um STP,24-HR BLK AVG,2025-01-22,2025,22,Micrograms/cubic meter (25 C),1,100.0,9.0,,9.0,23,8,Y,AQS Data Mart
88101,4,PM2.5 - Local Conditions,1 HOUR,2025-01-23,2025,23,Micrograms/cubic meter (LC),24,100.0,6.045833,,12.4,19,.,Y,AQS Data Mart
88101,4,PM2.5 - Local Conditions,24-HR BLK AVG,2025-01-23,2025,23,Micrograms/cubic meter (LC),1,100.0,6.0,,6.0,0,33,Y,AQS Data Mart
88101,4,PM2.5 - Local Conditions,24-HR BLK AVG,2025-01-23,2025,23,Micrograms/cubic meter (LC),1,100.0,6.0,,6.0,0,33,Y,AQS Data Mart
81102,4,PM10 Total 0-10um STP,1 HOUR,2025-01-23,2025,23,Micrograms/cubic meter (25 C),24,100.0,19.875,,37.2,19,.,Y,AQS Data Mart
81102,4,PM10 Total 0-10um STP,24-HR BLK AVG,2025-01-23,2025,23,Micrograms/cubic meter (25 C),1,100.0,19.0,,19.0,23,18,Y,AQS Data Mart
88101,4,PM2.5 - Local Conditions,1 HOUR,2025-01-24,2025,24,Micrograms/cubic meter (LC),22,92.0,6.518182,,13.4,8,.,Y,AQS Data Mart
88101,4,PM2.5 - Local Conditions,24-HR BLK AVG,2025-01-24,2025,24,Micrograms/cubic meter (LC),1,100.0,6.5,,6.5,0,36,Y,AQS Data Mart
88101,4,PM2.5 - Local Conditions,24-HR BLK AVG,2025-01-24,2025,24,Micrograms/cubic meter (LC),1,100.0,6.5,,6.5,0,36,Y,AQS Data Mart
81102,4,PM10 Total 0-10um STP,1 HOUR,2025-01-24,2025,24,Micrograms/cubic meter (25 C),22,92.0,22.813636,,43.9,8,.,Y,AQS Data Mart
81102,4,PM10 Total 0-10um STP,24-HR BLK AVG,2025-01-24,2025,24,Micrograms/cubic meter (25 C),1,100.0,22.0,,22.0,23,20,Y,AQS Data Mart
88101,4,PM2.5 - Local Conditions,1 HOUR,2025-01-25,2025,25,Micrograms/cubic meter (LC),24,100.0,3.8375,,7.4,20,.,Y,AQS Data Mart
88101,4,PM2.5 - Local Conditions,24-HR BLK AVG,2025-01-25,2025,25,Micrograms/cubic meter (LC),1,100.0,3.8,,3.8,0,21,Y,AQS Data Mart
88101,4,PM2.5 - Local Conditions,24-HR BLK AVG,2025-01-25,2025,25,Micrograms/cubic meter (LC),1,100.0,3.8,,3.8,0,21,Y,AQS Data Mart
81102,4,PM10 Total 0-10um STP,1 HOUR,2025-01-25,2025,25,Micrograms/cubic meter (25 C),24,100.0,6.354167,,10.4,20,.,Y,AQS Data Mart
81102,4,PM10 Total 0-10um STP,24-HR BLK AVG,2025-01-25,2025,25,Micrograms/cubic meter (25 C),1,100.0,6.0,,6.0,23,6,Y,AQS Data Mart
88101,4,PM2.5 - Local Conditions,1 HOUR,2025-01-26,2025,26,Micrograms/cubic meter (LC),24,100.0,12.383333,,27.5,20,.,Y,AQS Data Mart
88101,4,PM2.5 - Local Conditions,24-HR BLK AVG,2025-01-26,2025,26,Micrograms/cubic meter (LC),1,100.0,12.3,,12.3,0,57,Y,AQS Data Mart
88101,4,PM2.5 - Local Conditions,24-HR BLK AVG,2025-01-26,2025,26,Micrograms/cubic meter (LC),1,100.0,12.3,,12.3,0,57,Y,AQS Data Mart
81102,4,PM10 Total 0-10um STP,1 HOUR,2025-01-26,2025,26,Micrograms/cubic meter (25 C),24,100.0,18.183333,,38.3,20,.,Y,AQS Data Mart
81102,4,PM10 Total 0-10um STP,24-HR BLK AVG,2025-01-26,2025,26,Micrograms/cubic meter (25 C),1,100.0,18.0,,18.0,23,17,Y,AQS Data Mart
88101,4,PM2.5 - Local Conditions,1 HOUR,2025-01-27,2025,27,Micrograms/cubic meter (LC),24,100.0,15.845833,,26.6,18,.,Y,AQS Data Mart
88101,4,PM2.5 - Local Conditions,24-HR BLK AVG,2025-01-27,2025,27,Micrograms/cubic meter (LC),1,100.0,15.8,,15.8,0,63,Y,AQS Data Mart
88101,4,PM2.5 - Local Conditions,24-HR BLK AVG,2025-01-27,2025,27,Micrograms/cubic meter (LC),1,100.0,15.8,,15.8,0,63,Y,AQS Data Mart
81102,4,PM10 Total 0-10um STP,1 HOUR,2025-01-27,2025,27,Micrograms/cubic meter (25 C),24,100.0,29.745833,,50.3,17,.,Y,AQS Data Mart
81102,4,PM10 Total 0-10um STP,24-HR BLK AVG,2025-01-27,2025,27,Micrograms/cubic meter (25 C),1,100.0,29.0,,29.0,23,27,Y,AQS Data Mart
88101,4,PM2.5 - Local Conditions,1 HOUR,2025-01-28,2025,28,Micrograms/cubic meter (LC),24,100.0,12.870833,,29.5,19,.,Y,AQS Data Mart
88101,4,PM2.5 - Local Conditions,24-HR BLK AVG,2025-01-28,2025,28,Micrograms/cubic meter (LC),1,100.0,12.8,,12.8,0,58,Y,AQS Data Mart
88101,4,PM2.5 - Local Conditions,24-HR BLK AVG,2025-01-28,2025,28,Micrograms/cubic meter (LC),1,100.0,12.8,,12.8,0,58,Y,AQS Data Mart
81102,4,PM10 Total 0-10um STP,1 HOUR,2025-01-28,2025,28,Micrograms/cubic meter (25 C),24,100.0,36.541667,,97.9,17,.,Y,AQS Data Mart
81102,4,PM10 Total 0-10um STP,24-HR BLK AVG,2025-01-28,2025,28,Micrograms/cubic meter (25 C),1,100.0,36.0,,36.0,23,33,Y,AQS Data Mart
88101,4,PM2.5 - Local Conditions,1 HOUR,2025-01-29,2025,29,Micrograms/cubic meter (LC),24,100.0,13.270833,,25.8,19,.,Y,AQS Data Mart
88101,4,PM2.5 - Local Conditions,24-HR BLK AVG,2025-01-29,2025,29,Micrograms/cubic meter (LC),1,100.0,13.2,,13.2,0,59,Y,AQS Data Mart
88101,4,PM2.5 - Local Conditions,24-HR BLK AVG,2025-01-29,2025,29,Micrograms/cubic meter (LC),1,100.0,13.2,,13.2,0,59,Y,AQS Data Mart
81102,4,PM10 Total 0-10um STP,1 HOUR,2025-01-29,2025,29,Micrograms/cubic meter (25 C),24,100.0,35.954167,,78.8,10,.,Y,AQS Data Mart
81102,4,PM10 Total 0-10um STP,24-HR BLK AVG,2025-01-29,2025,29,Micrograms/cubic meter (25 C),1,100.0,35.0,,35.0,23,32,Y,AQS Data Mart
88101,4,PM2.5 - Local Conditions,1 HOUR,2025-01-30,2025,30,Micrograms/cubic meter (LC),22,92.0,8.090909,,14.1,2,.,Y,AQS Data Mart
88101,4,PM2.5 - Local Conditions,24-HR BLK AVG,2025-01-30,2025,30,Micrograms/cubic meter (LC),1,100.0,8.0,,8.0,0,44,Y,AQS Data Mart
88101,4,PM2.5 - Local Conditions,24-HR BLK AVG,2025-01-30,2025,30,Micrograms/cubic meter (LC),1,100.0,8.0,,8.0,0,44,Y,AQS Data Mart
81102,4,PM10 Total 0-10um STP,1 HOUR,2025-01-30,2025,30,Micrograms/cubic meter (25 C),22,92.0,27.259091,,81.9,18,.,Y,AQS Data Mart
81102,4,PM10 Total 0-10um STP,24-HR BLK AVG,2025-01-30,2025,30,Micrograms/cubic meter (25 C),1,100.0,27.0,,27.0,23,25,Y,AQS Data Mart
88101,4,PM2.5 - Local Conditions,1 HOUR,2025-01-31,2025,31,Micrograms/cubic meter (LC),10,42.0,10.81,,13.9,1,.,N,AQS Data Mart
81102,4,PM10 Total 0-10um STP,24-HR BLK AVG,2025-01-31,2025,31,Micrograms/cubic meter (25 C),1,100.0,36.0,,36.0,23,33,Y,AQS Data Mart
81102,4,PM10 Total 0-10um STP,1 HOUR,2025-01-31,2025,31,Micrograms/cubic meter (25 C),24,100.0,36.204167,,74.7,17,.,Y,AQS Data Mart
88101,4,PM2.5 - Local Conditions,1 HOUR,2025-02-01,2025,32,Micrograms/cubic meter (LC),24,100.0,3.104167,,5.1,0,.,Y,AQS Data Mart
88101,4,PM2.5 - Local Conditions,24-HR BLK AVG,2025-02-01,2025,32,Micrograms/cubic meter (LC),1,100.0,3.1,,3.1,0,17,Y,AQS Data Mart
88101,4,PM2.5 - Local Conditions,24-HR BLK AVG,2025-02-01,2025,32,Micrograms/cubic meter (LC),1,100.0,3.1,,3.1,0,17,Y,AQS Data Mart
81102,4,PM10 Total 0-10um STP,24-HR BLK AVG,2025-02-01,2025,32,Micrograms/cubic meter (25 C),1,100.0,13.0,,13.0,23,12,Y,AQS Data Mart
81102,4,PM10 Total 0-10um STP,1 HOUR,2025-02-01,2025,32,Micrograms/cubic meter (25 C),24,100.0,13.291667,,21.1,0,.,Y,AQS Data Mart
88101,4,PM2.5 - Local Conditions,1 HOUR,2025-02-02,2025,33,Micrograms/cubic meter (LC),24,100.0,3.575,,6.1,3,.,Y,AQS Data Mart
88101,4,PM2.5 - Local Conditions,24-HR BLK AVG,2025-02-02,2025,33,Micrograms/cubic meter (LC),1,100.0,3.5,,3.5,0,19,Y,AQS Data Mart
88101,4,PM2.5 - Local Conditions,24-HR BLK AVG,2025-02-02,2025,33,Micrograms/cubic meter (LC),1,100.0,3.5,,3.5,0,19,Y,AQS Data Mart
81102,4,PM10 Total 0-10um STP,1 HOUR,2025-02-02,2025,33,Micrograms/cubic meter (25 C),24,100.0,12.5875,,17.9,11,.,Y,AQS Data Mart
81102,4,PM10 Total 0-10um STP,24-HR BLK AVG,2025-02-02,2025,33,Micrograms/cubic meter (25 C),1,100.0,12.0,,12.0,23,11,Y,AQS Data Mart
88101,4,PM2.5 - Local Conditions,1 HOUR,2025-02-03,2025,34,Micrograms/cubic meter (LC),24,100.0,4.55,,7.7,14,.,Y,AQS Data Mart
88101,4,PM2.5 - Local Conditions,24-HR BLK AVG,2025-02-03,2025,34,Micrograms/cubic meter (LC),1,100.0,4.5,,4.5,0,25,Y,AQS Data Mart
88101,4,PM2.5 - Local Conditions,24-HR BLK AVG,2025-02-03,2025,34,Micrograms/cubic meter (LC),1,100.0,4.5,,4.5,0,25,Y,AQS Data Mart
81102,4,PM10 Total 0-10um STP,1 HOUR,2025-02-03,2025,34,Micrograms/cubic meter (25 C),24,100.0,19.379167,,57.5,12,.,Y,AQS Data Mart
81102,4,PM10 Total 0-10um STP,24-HR BLK AVG,2025-02-03,2025,34,Micrograms/cubic meter (25 C),1,100.0,19.0,,19.0,23,18,Y,AQS Data Mart
88101,4,PM2.5 - Local Conditions,1 HOUR,2025-02-04,2025,35,Micrograms/cubic meter (LC),24,100.0,14.970833,,25.4,18,.,Y,AQS Data Mart
88101,4,PM2.5 - Local Conditions,24-HR BLK AVG,2025-02-04,2025,35,Micrograms/cubic meter (LC),1,100.0,14.9,,14.9,0,62,Y,AQS Data Mart
88101,4,PM2.5 - Local Conditions,24-HR BLK AVG,2025-02-04,2025,35,Micrograms/cubic meter (LC),1,100.0,14.9,,14.9,0,62,Y,AQS Data Mart
81102,4,PM10 Total 0-10um STP,1 HOUR,2025-02-04,2025,35,Micrograms/cubic meter (25 C),24,100.0,36.1375,,61.9,18,.,Y,AQS Data Mart
81102,4,PM10 Total 0-10um STP,24-HR BLK AVG,2025-02-04,2025,35,Micrograms/cubic meter (25 C),1,100.0,36.0,,36.0,23,33,Y,AQS Data Mart
88101,4,PM2.5 - Local Conditions,1 HOUR,2025-02-05,2025,36,Micrograms/cubic meter (LC),24,100.0,7.379167,,16.7,9,.,Y,AQS Data Mart
88101,4,PM2.5 - Local Conditions,24-HR BLK AVG,2025-02-05,2025,36,Micrograms/cubic meter (LC),1,100.0,7.3,,7.3,0,41,Y,AQS Data Mart
88101,4,PM2.5 - Local Conditions,24-HR BLK AVG,2025-02-05,2025,36,Micrograms/cubic meter (LC),1,100.0,7.3,,7.3,0,41,Y,AQS Data Mart
81102,4,PM10 Total 0-10um STP,1 HOUR,2025-02-05,2025,36,Micrograms/cubic meter (25 C),24,100.0,27.779167,,85.2,10,.,Y,AQS Data Mart
81102,4,PM10 Total 0-10um STP,24-HR BLK AVG,2025-02-05,2025,36,Micrograms/cubic meter (25 C),1,100.0,27.0,,27.0,23,25,Y,AQS Data Mart
88101,4,PM2.5 - Local Conditions,1 HOUR,2025-02-06,2025,37,Micrograms/cubic meter (LC),24,100.0,4.158333,,7.3,19,.,Y,AQS Data Mart
88101,4,PM2.5 - Local Conditions,24-HR BLK AVG,2025-02-06,2025,37,Micrograms/cubic meter (LC),1,100.0,4.1,,4.1,0,23,Y,AQS Data Mart
88101,4,PM2.5 - Local Conditions,24-HR BLK AVG,2025-02-06,2025,37,Micrograms/cubic meter (LC),1,100.0,4.1,,4.1,0,23,Y,AQS Data Mart
81102,4,PM10 Total 0-10um STP,24-HR BLK AVG,2025-02-06,2025,37,Micrograms/cubic meter (25 C),1,100.0,17.0,,17.0,23,16,Y,AQS Data Mart
81102,4,PM10 Total 0-10um STP,1 HOUR,2025-02-06,2025,37,Micrograms/cubic meter (25 C),24,100.0,17.275,,28.8,19,.,Y,AQS Data Mart
88101,4,PM2.5 - Local Conditions,1 HOUR,2025-02-07,2025,38,Micrograms/cubic meter (LC),24,100.0,8.5875,,21.1,18,.,Y,AQS Data Mart
88101,4,PM2.5 - Local Conditions,24-HR BLK AVG,2025-02-07,2025,38,Micrograms/cubic meter (LC),1,100.0,8.5,,8.5,0,47,Y,AQS Data Mart
88101,4,PM2.5 - Local Conditions,24-HR BLK AVG,2025-02-07,2025,38,Micrograms/cubic meter (LC),1,100.0,8.5,,8.5,0,47,Y,AQS Data Mart
81102,4,PM10 Total 0-10um STP,1 HOUR,2025-02-07,2025,38,Micrograms/cubic meter (25 C),24,100.0,39.254167,,83.9,18,.,Y,AQS Data Mart
81102,4,PM10 Total 0-10um STP,24-HR BLK AVG,2025-02-07,2025,38,Micrograms/cubic meter (25 C),1,100.0,39.0,,39.0,23,36,Y,AQS Data Mart
88101,4,PM2.5 - Local Conditions,1 HOUR,2025-02-08,2025,39,Micrograms/cubic meter (LC),24,100.0,6.416667,,10.2,10,.,Y,AQS Data Mart
88101,4,PM2.5 - Local Conditions,24-HR BLK AVG,2025-02-08,2025,39,Micrograms/cubic meter (LC),1,100.0,6.4,,6.4,0,36,Y,AQS Data Mart
88101,4,PM2.5 - Local Conditions,24-HR BLK AVG,2025-02-08,2025,39,Micrograms/cubic meter (LC),1,100.0,6.4,,6.4,0,36,Y,AQS Data Mart
81102,4,PM10 Total 0-10um STP,1 HOUR,2025-02-08,2025,39,Micrograms/cubic meter (25 C),24,100.0,16.079167,,20.7,3,.,Y,AQS Data Mart
81102,4,PM10 Total 0-10um STP,24-HR BLK AVG,2025-02-08,2025,39,Micrograms/cubic meter (25 C),1,100.0,16.0,,16.0,23,15,Y,AQS Data Mart
88101,4,PM2.5 - Local Conditions,1 HOUR,2025-02-09,2025,40,Micrograms/cubic meter (LC),24,100.0,4.716667,,6.8,8,.,Y,AQS Data Mart
88101,4,PM2.5 - Local Conditions,24-HR BLK AVG,2025-02-09,2025,40,Micrograms/cubic meter (LC),1,100.0,4.7,,4.7,0,26,Y,AQS Data Mart
88101,4,PM2.5 - Local Conditions,24-HR BLK AVG,2025-02-09,2025,40,Micrograms/cubic meter (LC),1,100.0,4.7,,4.7,0,26,Y,AQS Data Mart
81102,4,PM10 Total 0-10um STP,1 HOUR,2025-02-09,2025,40,Micrograms/cubic meter (25 C),24,100.0,13.1,,20.9,20,.,Y,AQS Data Mart
81102,4,PM10 Total 0-10um STP,24-HR BLK AVG,2025-02-09,2025,40,Micrograms/cubic meter (25 C),1,100.0,13.0,,13.0,23,12,Y,AQS Data Mart
88101,4,PM2.5 - Local Conditions,1 HOUR,2025-02-10,2025,41,Micrograms/cubic meter (LC),22,92.0,4.490909,,6.5,12,.,Y,AQS Data Mart
88101,4,PM2.5 - Local Conditions,24-HR BLK AVG,2025-02-10,2025,41,Micrograms/cubic meter (LC),1,100.0,4.4,,4.4,0,24,Y,AQS Data Mart
88101,4,PM2.5 - Local Conditions,24-HR BLK AVG,2025-02-10,2025,41,Micrograms/cubic meter (LC),1,100.0,4.4,,4.4,0,24,Y,AQS Data Mart
81102,4,PM10 Total 0-10um STP,1 HOUR,2025-02-10,2025,41,Micrograms/cubic meter (25 C),22,92.0,14.25,,27.6,12,.,Y,AQS Data Mart
81102,4,PM10 Total 0-10um STP,24-HR BLK AVG,2025-02-10,2025,41,Micrograms/cubic meter (25 C),1,100.0,14.0,,14.0,23,13,Y,AQS Data Mart
88101,4,PM2.5 - Local Conditions,1 HOUR,2025-02-11,2025,42,Micrograms/cubic meter (LC),24,100.0,9.445833,,13.2,19,.,Y,AQS Data Mart
88101,4,PM2.5 - Local Conditions,24-HR BLK AVG,2025-02-11,2025,42,Micrograms/cubic meter (LC),1,100.0,9.4,,9.4,0,52,Y,AQS Data Mart
88101,4,PM2.5 - Local Conditions,24-HR BLK AVG,2025-02-11,2025,42,Micrograms/cubic meter (LC),1,100.0,9.4,,9.4,0,52,Y,AQS Data Mart
81102,4,PM10 Total 0-10um STP,1 HOUR,2025-02-11,2025,42,Micrograms/cubic meter (25 C),24,100.0,19.079167,,29.4,17,.,Y,AQS Data Mart
81102,4,PM10 Total 0-10um STP,24-HR BLK AVG,2025-02-11,2025,42,Micrograms/cubic meter (25 C),1,100.0,19.0,,19.0,23,18,Y,AQS Data Mart
88101,4,PM2.5 - Local Conditions,1 HOUR,2025-02-12,2025,43,Micrograms/cubic meter (LC),24,100.0,6.395833,,12.3,23,.,Y,AQS Data Mart
88101,4,PM2.5 - Local Conditions,24-HR BLK AVG,2025-02-12,2025,43,Micrograms/cubic meter (LC),1,100.0,6.3,,6.3,0,35,Y,AQS Data Mart
88101,4,PM2.5 - Local Conditions,24-HR BLK AVG,2025-02-12,2025,43,Micrograms/cubic meter (LC),1,100.0,6.3,,6.3,0,35,Y,AQS Data Mart
81102,4,PM10 Total 0-10um STP,1 HOUR,2025-02-12,2025,43,Micrograms/cubic meter (25 C),24,100.0,11.95,,23.1,23,.,Y,AQS Data Mart
81102,4,PM10 Total 0-10um STP,24-HR BLK AVG,2025-02-12,2025,43,Micrograms/cubic meter (25 C),1,100.0,11.0,,11.0,23,10,Y,AQS Data Mart
88101,4,PM2.5 - Local Conditions,1 HOUR,2025-02-13,2025,44,Micrograms/cubic meter (LC),24,100.0,22.6,,37.5,23,.,Y,AQS Data Mart
88101,4,PM2.5 - Local Conditions,24-HR BLK AVG,2025-02-13,2025,44,Micrograms/cubic meter (LC),1,100.0,22.6,,22.6,0,76,Y,AQS Data Mart
88101,4,PM2.5 - Local Conditions,24-HR BLK AVG,2025-02-13,2025,44,Micrograms/cubic meter (LC),1,100.0,22.6,,22.6,0,76,Y,AQS Data Mart
81102,4,PM10 Total 0-10um STP,1 HOUR,2025-02-13,2025,44,Micrograms/cubic meter (25 C),24,100.0,42.1,,63.2,19,.,Y,AQS Data Mart
81102,4,PM10 Total 0-10um STP,24-HR BLK AVG,2025-02-13,2025,44,Micrograms/cubic meter (25 C),1,100.0,42.0,,42.0,23,39,Y,AQS Data Mart
88101,4,PM2.5 - Local Conditions,1 HOUR,2025-02-14,2025,45,Micrograms/cubic meter (LC),24,100.0,21.604167,,39.1,0,.,Y,AQS Data Mart
88101,4,PM2.5 - Local Conditions,24-HR BLK AVG,2025-02-14,2025,45,Micrograms/cubic meter (LC),1,100.0,21.6,,21.6,0,74,Y,AQS Data Mart
88101,4,PM2.5 - Local Conditions,24-HR BLK AVG,2025-02-14,2025,45,Micrograms/cubic meter (LC),1,100.0,21.6,,21.6,0,74,Y,AQS Data Mart
81102,4,PM10 Total 0-10um STP,1 HOUR,2025-02-14,2025,45,Micrograms/cubic meter (25 C),24,100.0,43.375,,77.1,10,.,Y,AQS Data Mart
81102,4,PM10 Total 0-10um STP,24-HR BLK AVG,2025-02-14,2025,45,Micrograms/cubic meter (25 C),1,100.0,43.0,,43.0,23,40,Y,AQS Data Mart
88101,4,PM2.5 - Local Conditions,1 HOUR,2025-02-15,2025,46,Micrograms/cubic meter (LC),24,100.0,13.879167,,26.0,1,.,Y,AQS Data Mart
88101,4,PM2.5 - Local Conditions,24-HR BLK AVG,2025-02-15,2025,46,Micrograms/cubic meter (LC),1,100.0,13.8,,13.8,0,60,Y,AQS Data Mart
88101,4,PM2.5 - Local Conditions,24-HR BLK AVG,2025-02-15,2025,46,Micrograms/cubic meter (LC),1,100.0,13.8,,13.8,0,60,Y,AQS Data Mart
81102,4,PM10 Total 0-10um STP,1 HOUR,2025-02-15,2025,46,Micrograms/cubic meter (25 C),24,100.0,19.770833,,36.8,1,.,Y,AQS Data Mart
81102,4,PM10 Total 0-10um STP,24-HR BLK AVG,2025-02-15,2025,46,Micrograms/cubic meter (25 C),1,100.0,19.0,,19.0,23,18,Y,AQS Data Mart
88101,4,PM2.5 - Local Conditions,1 HOUR,2025-02-16,2025,47,Micrograms/cubic meter (LC),24,100.0,13.95,,23.0,2,.,Y,AQS Data Mart
88101,4,PM2.5 - Local Conditions,24-HR BLK AVG,2025-02-16,2025,47,Micrograms/cubic meter (LC),1,100.0,13.9,,13.9,0,60,Y,AQS Data Mart
88101,4,PM2.5 - Local Conditions,24-HR BLK AVG,2025-02-16,2025,47,Micrograms/cubic meter (LC),1,100.0,13.9,,13.9,0,60,Y,AQS Data Mart
81102,4,PM10 Total 0-10um STP,1 HOUR,2025-02-16,2025,47,Micrograms/cubic meter (25 C),24,100.0,21.291667,,30.6,1,.,Y,AQS Data Mart
81102,4,PM10 Total 0-10um STP,24-HR BLK AVG,2025-02-16,2025,47,Micrograms/cubic meter (25 C),1,100.0,21.0,,21.0,23,19,Y,AQS Data Mart
88101,4,PM2.5 - Local Conditions,1 HOUR,2025-02-17,2025,48,Micrograms/cubic meter (LC),24,100.0,12.8875,,16.0,10,.,Y,AQS Data Mart
88101,4,PM2.5 - Local Conditions,24-HR BLK AVG,2025-02-17,2025,48,Micrograms/cubic meter (LC),1,100.0,12.8,,12.8,0,58,Y,AQS Data Mart
88101,4,PM2.5 - Local Conditions,24-HR BLK AVG,2025-02-17,2025,48,Micrograms/cubic meter (LC),1,100.0,12.8,,12.8,0,58,Y,AQS Data Mart
81102,4,PM10 Total 0-10um STP,1 HOUR,2025-02-17,2025,48,Micrograms/cubic meter (25 C),24,100.0,20.25,,25.1,0,.,Y,AQS Data Mart
81102,4,PM10 Total 0-10um STP,24-HR BLK AVG,2025-02-17,2025,48,Micrograms/cubic meter (25 C),1,100.0,20.0,,20.0,23,19,Y,AQS Data Mart
88101,4,PM2.5 - Local Conditions,1 HOUR,2025-02-18,2025,49,Micrograms/cubic meter (LC),24,100.0,12.716667,,15.8,5,.,Y,AQS Data Mart
88101,4,PM2.5 - Local Conditions,24-HR BLK AVG,2025-02-18,2025,49,Micrograms/cubic meter (LC),1,100.0,12.7,,12.7,0,58,Y,AQS Data Mart
88101,4,PM2.5 - Local Conditions,24-HR BLK AVG,2025-02-18,2025,49,Micrograms/cubic meter (LC),1,100.0,12.7,,12.7,0,58,Y,AQS Data Mart
81102,4,PM10 Total 0-10um STP,1 HOUR,2025-02-18,2025,49,Micrograms/cubic meter (25 C),24,100.0,20.479167,,26.8,6,.,Y,AQS Data Mart
81102,4,PM10 Total 0-10um STP,24-HR BLK AVG,2025-02-18,2025,49,Micrograms/cubic meter (25 C),1,100.0,20.0,,20.0,23,19,Y,AQS Data Mart
88101,4,PM2.5 - Local Conditions,1 HOUR,2025-02-19,2025,50,Micrograms/cubic meter (LC),24,100.0,12.65,,22.6,13,.,Y,AQS Data Mart
88101,4,PM2.5 - Local Conditions,24-HR BLK AVG,2025-02-19,2025,50,Micrograms/cubic meter (LC),1,100.0,12.6,,12.6,0,58,Y,AQS Data Mart
88101,4,PM2.5 - Local Conditions,24-HR BLK AVG,2025-02-19,2025,50,Micrograms/cubic meter (LC),1,100.0,12.6,,12.6,0,58,Y,AQS Data Mart
81102,4,PM10 Total 0-10um STP,1 HOUR,2025-02-19,2025,50,Micrograms/cubic meter (25 C),24,100.0,25.375,,47.2,13,.,Y,AQS Data Mart
81102,4,PM10 Total 0-10um STP,24-HR BLK AVG,2025-02-19,2025,50,Micrograms/cubic meter (25 C),1,100.0,25.0,,25.0,23,23,Y,AQS Data Mart
88101,4,PM2.5 - Local Conditions,1 HOUR,2025-02-20,2025,51,Micrograms/cubic meter (LC),24,100.0,15.283333,,24.6,14,.,Y,AQS Data Mart
88101,4,PM2.5 - Local Conditions,24-HR BLK AVG,2025-02-20,2025,51,Micrograms/cubic meter (LC),1,100.0,15.2,,15.2,0,62,Y,AQS Data Mart
88101,4,PM2.5 - Local Conditions,24-HR BLK AVG,2025-02-20,2025,51,Micrograms/cubic meter (LC),1,100.0,15.2,,15.2,0,62,Y,AQS Data Mart
81102,4,PM10 Total 0-10um STP,1 HOUR,2025-02-20,2025,51,Micrograms/cubic meter (25 C),24,100.0,26.404167,,36.9,14,.,Y,AQS Data Mart
81102,4,PM10 Total 0-10um STP,24-HR BLK AVG,2025-02-20,2025,51,Micrograms/cubic meter (25 C),1,100.0,26.0,,26.0,23,24,Y,AQS Data Mart
88101,4,PM2.5 - Local Conditions,1 HOUR,2025-02-21,2025,52,Micrograms/cubic meter (LC),22,92.0,9.918182,,23.9,5,.,Y,AQS Data Mart
88101,4,PM2.5 - Local Conditions,24-HR BLK AVG,2025-02-21,2025,52,Micrograms/cubic meter (LC),1,100.0,9.9,,9.9,0,52,Y,AQS Data Mart
88101,4,PM2.5 - Local Conditions,24-HR BLK AVG,2025-02-21,2025,52,Micrograms/cubic meter (LC),1,100.0,9.9,,9.9,0,52,Y,AQS Data Mart
81102,4,PM10 Total 0-10um STP,1 HOUR,2025-02-21,2025,52,Micrograms/cubic meter (25 C),22,92.0,19.1,,33.9,18,.,Y,AQS Data Mart
81102,4,PM10 Total 0-10um STP,24-HR BLK AVG,2025-02-21,2025,52,Micrograms/cubic meter (25 C),1,100.0,19.0,,19.0,23,18,Y,AQS Data Mart
88101,4,PM2.5 - Local Conditions,1 HOUR,2025-02-22,2025,53,Micrograms/cubic meter (LC),24,100.0,11.7625,,29.4,19,.,Y,AQS Data Mart
88101,4,PM2.5 - Local Conditions,24-HR BLK AVG,2025-02-22,2025,53,Micrograms/cubic meter (LC),1,100.0,11.7,,11.7,0,56,Y,AQS Data Mart
88101,4,PM2.5 - Local Conditions,24-HR BLK AVG,2025-02-22,2025,53,Micrograms/cubic meter (LC),1,100.0,11.7,,11.7,0,56,Y,AQS Data Mart
81102,4,PM10 Total 0-10um STP,1 HOUR,2025-02-22,2025,53,Micrograms/cubic meter (25 C),24,100.0,30.758333,,76.3,19,.,Y,AQS Data Mart
81102,4,PM10 Total 0-10um STP,24-HR BLK AVG,2025-02-22,2025,53,Micrograms/cubic meter (25 C),1,100.0,30.0,,30.0,23,28,Y,AQS Data Mart
88101,4,PM2.5 - Local Conditions,1 HOUR,2025-02-23,2025,54,Micrograms/cubic meter (LC),24,100.0,4.595833,,9.5,2,.,Y,AQS Data Mart
88101,4,PM2.5 - Local Conditions,24-HR BLK AVG,2025-02-23,2025,54,Micrograms/cubic meter (LC),1,100.0,4.5,,4.5,0,25,Y,AQS Data Mart
88101,4,PM2.5 - Local Conditions,24-HR BLK AVG,2025-02-23,2025,54,Micrograms/cubic meter (LC),1,100.0,4.5,,4.5,0,25,Y,AQS Data Mart
81102,4,PM10 Total 0-10um STP,1 HOUR,2025-02-23,2025,54,Micrograms/cubic meter (25 C),24,100.0,13.9375,,25.3,2,.,Y,AQS Data Mart
81102,4,PM10 Total 0-10um STP,24-HR BLK AVG,2025-02-23,2025,54,Micrograms/cubic meter (25 C),1,100.0,13.0,,13.0,23,12,Y,AQS Data Mart
88101,4,PM2.5 - Local Conditions,1 HOUR,2025-02-24,2025,55,Micrograms/cubic meter (LC),24,100.0,1.9,,2.7,16,.,Y,AQS Data Mart
88101,4,PM2.5 - Local Conditions,24-HR BLK AVG,2025-02-24,2025,55,Micrograms/cubic meter (LC),1,100.0,1.9,,1.9,0,11,Y,AQS Data Mart
88101,4,PM2.5 - Local Conditions,24-HR BLK AVG,2025-02-24,2025,55,Micrograms/cubic meter (LC),1,100.0,1.9,,1.9,0,11,Y,AQS Data Mart
81102,4,PM10 Total 0-10um STP,1 HOUR,2025-02-24,2025,55,Micrograms/cubic meter (25 C),24,100.0,14.804167,,33.8,15,.,Y,AQS Data Mart
81102,4,PM10 Total 0-10um STP,24-HR BLK AVG,2025-02-24,2025,55,Micrograms/cubic meter (25 C),1,100.0,14.0,,14.0,23,13,Y,AQS Data Mart
88101,4,PM2.5 - Local Conditions,1 HOUR,2025-02-25,2025,56,Micrograms/cubic meter (LC),24,100.0,2.8375,,5.8,10,.,Y,AQS Data Mart
88101,4,PM2.5 - Local Conditions,24-HR BLK AVG,2025-02-25,2025,56,Micrograms/cubic meter (LC),1,100.0,2.8,,2.8,0,16,Y,AQS Data Mart
88101,4,PM2.5 - Local Conditions,24-HR BLK AVG,2025-02-25,2025,56,Micrograms/cubic meter (LC),1,100.0,2.8,,2.8,0,16,Y,AQS Data Mart
81102,4,PM10 Total 0-10um STP,1 HOUR,2025-02-25,2025,56,Micrograms/cubic meter (25 C),24,100.0,20.4125,,106.2,10,.,Y,AQS Data Mart
81102,4,PM10 Total 0-10um STP,24-HR BLK AVG,2025-02-25,2025,56,Micrograms/cubic meter (25 C),1,100.0,20.0,,20.0,23,19,Y,AQS Data Mart
88101,4,PM2.5 - Local Conditions,1 HOUR,2025-02-26,2025,57,Micrograms/cubic meter (LC),24,100.0,2.641667,,6.6,21,.,Y,AQS Data Mart
88101,4,PM2.5 - Local Conditions,24-HR BLK AVG,2025-02-26,2025,57,Micrograms/cubic meter (LC),1,100.0,2.6,,2.6,0,14,Y,AQS Data Mart
88101,4,PM2.5 - Local Conditions,24-HR BLK AVG,2025-02-26,2025,57,Micrograms/cubic meter (LC),1,100.0,2.6,,2.6,0,14,Y,AQS Data Mart
81102,4,PM10 Total 0-10um STP,1 HOUR,2025-02-26,2025,57,Micrograms/cubic meter (25 C),24,100.0,11.441667,,26.8,21,.,Y,AQS Data Mart
81102,4,PM10 Total 0-10um STP,24-HR BLK AVG,2025-02-26,2025,57,Micrograms/cubic meter (25 C),1,100.0,11.0,,11.0,23,10,Y,AQS Data Mart
88101,4,PM2.5 - Local Conditions,1 HOUR,2025-02-27,2025,58,Micrograms/cubic meter (LC),24,100.0,4.625,,8.4,23,.,Y,AQS Data Mart
88101,4,PM2.5 - Local Conditions,24-HR BLK AVG,2025-02-27,2025,58,Micrograms/cubic meter (LC),1,100.0,4.6,,4.6,0,26,Y,AQS Data Mart
88101,4,PM2.5 - Local Conditions,24-HR BLK AVG,2025-02-27,2025,58,Micrograms/cubic meter (LC),1,100.0,4.6,,4.6,0,26,Y,AQS Data Mart
81102,4,PM10 Total 0-10um STP,1 HOUR,2025-02-27,2025,58,Micrograms/cubic meter (25 C),24,100.0,21.954167,,52.8,18,.,Y,AQS Data Mart
81102,4,PM10 Total 0-10um STP,24-HR BLK AVG,2025-02-27,2025,58,Micrograms/cubic meter (25 C),1,100.0,21.0,,21.0,23,19,Y,AQS Data Mart
88101,4,PM2.5 - Local Conditions,1 HOUR,2025-02-28,2025,59,Micrograms/cubic meter (LC),22,92.0,6.327273,,16.1,21,.,Y,AQS Data Mart
88101,4,PM2.5 - Local Conditions,24-HR BLK AVG,2025-02-28,2025,59,Micrograms/cubic meter (LC),1,100.0,6.3,,6.3,0,35,Y,AQS Data Mart
88101,4,PM2.5 - Local Conditions,24-HR BLK AVG,2025-02-28,2025,59,Micrograms/cubic meter (LC),1,100.0,6.3,,6.3,0,35,Y,AQS Data Mart
81102,4,PM10 Total 0-10um STP,1 HOUR,2025-02-28,2025,59,Micrograms/cubic meter (25 C),22,92.0,30.663636,,61.9,21,.,Y,AQS Data Mart
81102,4,PM10 Total 0-10um STP,24-HR BLK AVG,2025-02-28,2025,59,Micrograms/cubic meter (25 C),1,100.0,30.0,,30.0,23,28,Y,AQS Data Mart
88101,4,PM2.5 - Local Conditions,1 HOUR,2025-03-01,2025,60,Micrograms/cubic meter (LC),24,100.0,6.208333,,14.4,20,.,Y,AQS Data Mart
88101,4,PM2.5 - Local Conditions,24-HR BLK AVG,2025-03-01,2025,60,Micrograms/cubic meter (LC),1,100.0,6.2,,6.2,0,34,Y,AQS Data Mart
88101,4,PM2.5 - Local Conditions,24-HR BLK AVG,2025-03-01,2025,60,Micrograms/cubic meter (LC),1,100.0,6.2,,6.2,0,34,Y,AQS Data Mart
81102,4,PM10 Total 0-10um STP,1 HOUR,2025-03-01,2025,60,Micrograms/cubic meter (25 C),24,100.0,25.470833,,50.8,20,.,Y,AQS Data Mart
81102,4,PM10 Total 0-10um STP,24-HR BLK AVG,2025-03-01,2025,60,Micrograms/cubic meter (25 C),1,100.0,25.0,,25.0,23,23,Y,AQS Data Mart
88101,4,PM2.5 - Local Conditions,1 HOUR,2025-03-02,2025,61,Micrograms/cubic meter (LC),24,100.0,5.829167,,14.1,19,.,Y,AQS Data Mart
88101,4,PM2.5 - Local Conditions,24-HR BLK AVG,2025-03-02,2025,61,Micrograms/cubic meter (LC),1,100.0,5.8,,5.8,0,32,Y,AQS Data Mart
88101,4,PM2.5 - Local Conditions,24-HR BLK AVG,2025-03-02,2025,61,Micrograms/cubic meter (LC),1,100.0,5.8,,5.8,0,32,Y,AQS Data Mart
81102,4,PM10 Total 0-10um STP,1 HOUR,2025-03-02,2025,61,Micrograms/cubic meter (25 C),24,100.0,19.620833,,48.5,19,.,Y,AQS Data Mart
81102,4,PM10 Total 0-10um STP,24-HR BLK AVG,2025-03-02,2025,61,Micrograms/cubic meter (25 C),1,100.0,19.0,,19.0,23,18,Y,AQS Data Mart
88101,4,PM2.5 - Local Conditions,1 HOUR,2025-03-03,2025,62,Micrograms/cubic meter (LC),24,100.0,5.758333,,13.3,8,.,Y,AQS Data Mart
88101,4,PM2.5 - Local Conditions,24-HR BLK AVG,2025-03-03,2025,62,Micrograms/cubic meter (LC),1,100.0,5.7,,5.7,0,32,Y,AQS Data Mart
88101,4,PM2.5 - Local Conditions,24-HR BLK AVG,2025-03-03,2025,62,Micrograms/cubic meter (LC),1,100.0,5.7,,5.7,0,32,Y,AQS Data Mart
81102,4,PM10 Total 0-10um STP,1 HOUR,2025-03-03,2025,62,Micrograms/cubic meter (25 C),24,100.0,31.479167,,91.0,8,.,Y,AQS Data Mart
81102,4,PM10 Total 0-10um STP,24-HR BLK AVG,2025-03-03,2025,62,Micrograms/cubic meter (25 C),1,100.0,31.0,,31.0,23,29,Y,AQS Data Mart
88101,4,PM2.5 - Local Conditions,1 HOUR,2025-03-04,2025,63,Micrograms/cubic meter (LC),24,100.0,2.9125,,8.9,3,.,Y,AQS Data Mart
88101,4,PM2.5 - Local Conditions,24-HR BLK AVG,2025-03-04,2025,63,Micrograms/cubic meter (LC),1,100.0,2.9,,2.9,0,16,Y,AQS Data Mart
88101,4,PM2.5 - Local Conditions,24-HR BLK AVG,2025-03-04,2025,63,Micrograms/cubic meter (LC),1,100.0,2.9,,2.9,0,16,Y,AQS Data Mart
81102,4,PM10 Total 0-10um STP,24-HR BLK AVG,2025-03-04,2025,63,Micrograms/cubic meter (25 C),1,100.0,9.0,,9.0,23,8,Y,AQS Data Mart
81102,4,PM10 Total 0-10um STP,1 HOUR,2025-03-04,2025,63,Micrograms/cubic meter (25 C),24,100.0,9.425,,17.9,3,.,Y,AQS Data Mart
88101,4,PM2.5 - Local Conditions,1 HOUR,2025-03-05,2025,64,Micrograms/cubic meter (LC),24,100.0,4.483333,,6.3,14,.,Y,AQS Data Mart
88101,4,PM2.5 - Local Conditions,24-HR BLK AVG,2025-03-05,2025,64,Micrograms/cubic meter (LC),1,100.0,4.4,,4.4,0,24,Y,AQS Data Mart
88101,4,PM2.5 - Local Conditions,24-HR BLK AVG,2025-03-05,2025,64,Micrograms/cubic meter (LC),1,100.0,4.4,,4.4,0,24,Y,AQS Data Mart
81102,4,PM10 Total 0-10um STP,24-HR BLK AVG,2025-03-05,2025,64,Micrograms/cubic meter (25 C),1,100.0,14.0,,14.0,23,13,Y,AQS Data Mart
81102,4,PM10 Total 0-10um STP,1 HOUR,2025-03-05,2025,64,Micrograms/cubic meter (25 C),24,100.0,14.058333,,24.4,15,.,Y,AQS Data Mart
88101,4,PM2.5 - Local Conditions,1 HOUR,2025-03-06,2025,65,Micrograms/cubic meter (LC),24,100.0,6.295833,,8.5,7,.,Y,AQS Data Mart
88101,4,PM2.5 - Local Conditions,24-HR BLK AVG,2025-03-06,2025,65,Micrograms/cubic meter (LC),1,100.0,6.2,,6.2,0,34,Y,AQS Data Mart
88101,4,PM2.5 - Local Conditions,24-HR BLK AVG,2025-03-06,2025,65,Micrograms/cubic meter (LC),1,100.0,6.2,,6.2,0,34,Y,AQS Data Mart
81102,4,PM10 Total 0-10um STP,1 HOUR,2025-03-06,2025,65,Micrograms/cubic meter (25 C),24,100.0,15.55,,26.3,18,.,Y,AQS Data Mart
81102,4,PM10 Total 0-10um STP,24-HR BLK AVG,2025-03-06,2025,65,Micrograms/cubic meter (25 C),1,100.0,15.0,,15.0,23,14,Y,AQS Data Mart
88101,4,PM2.5 - Local Conditions,1 HOUR,2025-03-07,2025,66,Micrograms/cubic meter (LC),24,100.0,5.683333,,10.6,23,.,Y,AQS Data Mart
88101,4,PM2.5 - Local Conditions,24-HR BLK AVG,2025-03-07,2025,66,Micrograms/cubic meter (LC),1,100.0,5.6,,5.6,0,31,Y,AQS Data Mart
88101,4,PM2.5 - Local Conditions,24-HR BLK AVG,2025-03-07,2025,66,Micrograms/cubic meter (LC),1,100.0,5.6,,5.6,0,31,Y,AQS Data Mart
81102,4,PM10 Total 0-10um STP,24-HR BLK AVG,2025-03-07,2025,66,Micrograms/cubic meter (25 C),1,100.0,11.0,,11.0,23,10,Y,AQS Data Mart
81102,4,PM10 Total 0-10um STP,1 HOUR,2025-03-07,2025,66,Micrograms/cubic meter (25 C),24,100.0,11.833333,,19.4,14,.,Y,AQS Data Mart
88101,4,PM2.5 - Local Conditions,1 HOUR,2025-03-08,2025,67,Micrograms/cubic meter (LC),24,100.0,6.170833,,10.8,0,.,Y,AQS Data Mart
88101,4,PM2.5 - Local Conditions,24-HR BLK AVG,2025-03-08,2025,67,Micrograms/cubic meter (LC),1,100.0,6.1,,6.1,0,34,Y,AQS Data Mart
88101,4,PM2.5 - Local Conditions,24-HR BLK AVG,2025-03-08,2025,67,Micrograms/cubic meter (LC),1,100.0,6.1,,6.1,0,34,Y,AQS Data Mart
81102,4,PM10 Total 0-10um STP,24-HR BLK AVG,2025-03-08,2025,67,Micrograms/cubic meter (25 C),1,100.0,14.0,,14.0,23,13,Y,AQS Data Mart
81102,4,PM10 Total 0-10um STP,1 HOUR,2025-03-08,2025,67,Micrograms/cubic meter (25 C),24,100.0,14.825,,26.1,19,.,Y,AQS Data Mart
88101,4,PM2.5 - Local Conditions,1 HOUR,2025-03-09,2025,68,Micrograms/cubic meter (LC),24,100.0,4.429167,,8.6,7,.,Y,AQS Data Mart
88101,4,PM2.5 - Local Conditions,24-HR BLK AVG,2025-03-09,2025,68,Micrograms/cubic meter (LC),1,100.0,4.4,,4.4,0,24,Y,AQS Data Mart
88101,4,PM2.5 - Local Conditions,24-HR BLK AVG,2025-03-09,2025,68,Micrograms/cubic meter (LC),1,100.0,4.4,,4.4,0,24,Y,AQS Data Mart
81102,4,PM10 Total 0-10um STP,24-HR BLK AVG,2025-03-09,2025,68,Micrograms/cubic meter (25 C),1,100.0,15.0,,15.0,23,14,Y,AQS Data Mart
81102,4,PM10 Total 0-10um STP,1 HOUR,2025-03-09,2025,68,Micrograms/cubic meter (25 C),24,100.0,15.633333,,26.8,7,.,Y,AQS Data Mart
88101,4,PM2.5 - Local Conditions,1 HOUR,2025-03-10,2025,69,Micrograms/cubic meter (LC),22,92.0,3.268182,,4.5,7,.,Y,AQS Data Mart
88101,4,PM2.5 - Local Conditions,24-HR BLK AVG,2025-03-10,2025,69,Micrograms/cubic meter (LC),1,100.0,3.2,,3.2,0,18,Y,AQS Data Mart
88101,4,PM2.5 - Local Conditions,24-HR BLK AVG,2025-03-10,2025,69,Micrograms/cubic meter (LC),1,100.0,3.2,,3.2,0,18,Y,AQS Data Mart
81102,4,PM10 Total 0-10um STP,1 HOUR,2025-03-10,2025,69,Micrograms/cubic meter (25 C),22,92.0,20.836364,,58.8,7,.,Y,AQS Data Mart
81102,4,PM10 Total 0-10um STP,24-HR BLK AVG,2025-03-10,2025,69,Micrograms/cubic meter (25 C),1,100.0,20.0,,20.0,23,19,Y,AQS Data Mart
88101,4,PM2.5 - Local Conditions,1 HOUR,2025-03-11,2025,70,Micrograms/cubic meter (LC),24,100.0,5.170833,,9.1,11,.,Y,AQS Data Mart
88101,4,PM2.5 - Local Conditions,24-HR BLK AVG,2025-03-11,2025,70,Micrograms/cubic meter (LC),1,100.0,5.1,,5.1,0,28,Y,AQS Data Mart
88101,4,PM2.5 - Local Conditions,24-HR BLK AVG,2025-03-11,2025,70,Micrograms/cubic meter (LC),1,100.0,5.1,,5.1,0,28,Y,AQS Data Mart
81102,4,PM10 Total 0-10um STP,1 HOUR,2025-03-11,2025,70,Micrograms/cubic meter (25 C),24,100.0,24.629167,,46.1,11,.,Y,AQS Data Mart
81102,4,PM10 Total 0-10um STP,24-HR BLK AVG,2025-03-11,2025,70,Micrograms/cubic meter (25 C),1,100.0,24.0,,24.0,23,22,Y,AQS Data Mart
88101,4,PM2.5 - Local Conditions,1 HOUR,2025-03-12,2025,71,Micrograms/cubic meter (LC),24,100.0,5.391667,,10.6,7,.,Y,AQS Data Mart
88101,4,PM2.5 - Local Conditions,24-HR BLK AVG,2025-03-12,2025,71,Micrograms/cubic meter (LC),1,100.0,5.3,,5.3,0,29,Y,AQS Data Mart
88101,4,PM2.5 - Local Conditions,24-HR BLK AVG,2025-03-12,2025,71,Micrograms/cubic meter (LC),1,100.0,5.3,,5.3,0,29,Y,AQS Data Mart
81102,4,PM10 Total 0-10um STP,1 HOUR,2025-03-12,2025,71,Micrograms/cubic meter (25 C),24,100.0,23.704167,,55.9,6,.,Y,AQS Data Mart
81102,4,PM10 Total 0-10um STP,24-HR BLK AVG,2025-03-12,2025,71,Micrograms/cubic meter (25 C),1,100.0,23.0,,23.0,23,21,Y,AQS Data Mart
88101,4,PM2.5 - Local Conditions,1 HOUR,2025-03-13,2025,72,Micrograms/cubic meter (LC),24,100.0,3.891667,,7.3,19,.,Y,AQS Data Mart
88101,4,PM2.5 - Local Conditions,24-HR BLK AVG,2025-03-13,2025,72,Micrograms/cubic meter (LC),1,100.0,3.8,,3.8,0,21,Y,AQS Data Mart
88101,4,PM2.5 - Local Conditions,24-HR BLK AVG,2025-03-13,2025,72,Micrograms/cubic meter (LC),1,100.0,3.8,,3.8,0,21,Y,AQS Data Mart
81102,4,PM10 Total 0-10um STP,1 HOUR,2025-03-13,2025,72,Micrograms/cubic meter (25 C),24,100.0,20.1375,,43.0,9,.,Y,AQS Data Mart
81102,4,PM10 Total 0-10um STP,24-HR BLK AVG,2025-03-13,2025,72,Micrograms/cubic meter (25 C),1,100.0,20.0,,20.0,23,19,Y,AQS Data Mart
88101,4,PM2.5 - Local Conditions,1 HOUR,2025-03-14,2025,73,Micrograms/cubic meter (LC),24,100.0,2.7,,5.8,6,.,Y,AQS Data Mart
88101,4,PM2.5 - Local Conditions,24-HR BLK AVG,2025-03-14,2025,73,Micrograms/cubic meter (LC),1,100.0,2.7,,2.7,0,15,Y,AQS Data Mart
88101,4,PM2.5 - Local Conditions,24-HR BLK AVG,2025-03-14,2025,73,Micrograms/cubic meter (LC),1,100.0,2.7,,2.7,0,15,Y,AQS Data Mart
81102,4,PM10 Total 0-10um STP,1 HOUR,2025-03-14,2025,73,Micrograms/cubic meter (25 C),24,100.0,18.6875,,42.2,16,.,Y,AQS Data Mart
81102,4,PM10 Total 0-10um STP,24-HR BLK AVG,2025-03-14,2025,73,Micrograms/cubic meter (25 C),1,100.0,18.0,,18.0,23,17,Y,AQS Data Mart
88101,4,PM2.5 - Local Conditions,1 HOUR,2025-03-15,2025,74,Micrograms/cubic meter (LC),24,100.0,2.716667,,5.0,21,.,Y,AQS Data Mart
88101,4,PM2.5 - Local Conditions,24-HR BLK AVG,2025-03-15,2025,74,Micrograms/cubic meter (LC),1,100.0,2.7,,2.7,0,15,Y,AQS Data Mart
88101,4,PM2.5 - Local Conditions,24-HR BLK AVG,2025-03-15,2025,74,Micrograms/cubic meter (LC),1,100.0,2.7,,2.7,0,15,Y,AQS Data Mart
81102,4,PM10 Total 0-10um STP,1 HOUR,2025-03-15,2025,74,Micrograms/cubic meter (25 C),24,100.0,8.754167,,13.9,21,.,Y,AQS Data Mart
81102,4,PM10 Total 0-10um STP,24-HR BLK AVG,2025-03-15,2025,74,Micrograms/cubic meter (25 C),1,100.0,8.0,,8.0,23,7,Y,AQS Data Mart
88101,4,PM2.5 - Local Conditions,1 HOUR,2025-03-16,2025,75,Micrograms/cubic meter (LC),24,100.0,1.945833,,4.1,12,.,Y,AQS Data Mart
88101,4,PM2.5 - Local Conditions,24-HR BLK AVG,2025-03-16,2025,75,Micrograms/cubic meter (LC),1,100.0,1.9,,1.9,0,11,Y,AQS Data Mart
88101,4,PM2.5 - Local Conditions,24-HR BLK AVG,2025-03-16,2025,75,Micrograms/cubic meter (LC),1,100.0,1.9,,1.9,0,11,Y,AQS Data Mart
81102,4,PM10 Total 0-10um STP,1 HOUR,2025-03-16,2025,75,Micrograms/cubic meter (25 C),24,100.0,13.5375,,71.4,12,.,Y,AQS Data Mart
81102,4,PM10 Total 0-10um STP,24-HR BLK AVG,2025-03-16,2025,75,Micrograms/cubic meter (25 C),1,100.0,13.0,,13.0,23,12,Y,AQS Data Mart
88101,4,PM2.5 - Local Conditions,1 HOUR,2025-03-17,2025,76,Micrograms/cubic meter (LC),24,100.0,3.258333,,5.4,11,.,Y,AQS Data Mart
88101,4,PM2.5 - Local Conditions,24-HR BLK AVG,2025-03-17,2025,76,Micrograms/cubic meter (LC),1,100.0,3.2,,3.2,0,18,Y,AQS Data Mart
88101,4,PM2.5 - Local Conditions,24-HR BLK AVG,2025-03-17,2025,76,Micrograms/cubic meter (LC),1,100.0,3.2,,3.2,0,18,Y,AQS Data Mart
81102,4,PM10 Total 0-10um STP,1 HOUR,2025-03-17,2025,76,Micrograms/cubic meter (25 C),24,100.0,27.55,,84.0,11,.,Y,AQS Data Mart
81102,4,PM10 Total 0-10um STP,24-HR BLK AVG,2025-03-17,2025,76,Micrograms/cubic meter (25 C),1,100.0,27.0,,27.0,23,25,Y,AQS Data Mart
88101,4,PM2.5 - Local Conditions,1 HOUR,2025-03-18,2025,77,Micrograms/cubic meter (LC),24,100.0,3.004167,,6.3,6,.,Y,AQS Data Mart
88101,4,PM2.5 - Local Conditions,24-HR BLK AVG,2025-03-18,2025,77,Micrograms/cubic meter (LC),1,100.0,3.0,,3.0,0,17,Y,AQS Data Mart
88101,4,PM2.5 - Local Conditions,24-HR BLK AVG,2025-03-18,2025,77,Micrograms/cubic meter (LC),1,100.0,3.0,,3.0,0,17,Y,AQS Data Mart
81102,4,PM10 Total 0-10um STP,1 HOUR,2025-03-18,2025,77,Micrograms/cubic meter (25 C),24,100.0,23.966667,,96.7,14,.,Y,AQS Data Mart
81102,4,PM10 Total 0-10um STP,24-HR BLK AVG,2025-03-18,2025,77,Micrograms/cubic meter (25 C),1,100.0,23.0,,23.0,23,21,Y,AQS Data Mart
88101,4,PM2.5 - Local Conditions,1 HOUR,2025-03-19,2025,78,Micrograms/cubic meter (LC),24,100.0,1.604167,,3.3,19,.,Y,AQS Data Mart
88101,4,PM2.5 - Local Conditions,24-HR BLK AVG,2025-03-19,2025,78,Micrograms/cubic meter (LC),1,100.0,1.6,,1.6,0,9,Y,AQS Data Mart
88101,4,PM2.5 - Local Conditions,24-HR BLK AVG,2025-03-19,2025,78,Micrograms/cubic meter (LC),1,100.0,1.6,,1.6,0,9,Y,AQS Data Mart
81102,4,PM10 Total 0-10um STP,1 HOUR,2025-03-19,2025,78,Micrograms/cubic meter (25 C),24,100.0,7.3875,,23.8,19,.,Y,AQS Data Mart
81102,4,PM10 Total 0-10um STP,24-HR BLK AVG,2025-03-19,2025,78,Micrograms/cubic meter (25 C),1,100.0,7.0,,7.0,23,6,Y,AQS Data Mart
88101,4,PM2.5 - Local Conditions,1 HOUR,2025-03-20,2025,79,Micrograms/cubic meter (LC),24,100.0,4.925,,7.8,2,.,Y,AQS Data Mart
88101,4,PM2.5 - Local Conditions,24-HR BLK AVG,2025-03-20,2025,79,Micrograms/cubic meter (LC),1,100.0,4.9,,4.9,0,27,Y,AQS Data Mart
88101,4,PM2.5 - Local Conditions,24-HR BLK AVG,2025-03-20,2025,79,Micrograms/cubic meter (LC),1,100.0,4.9,,4.9,0,27,Y,AQS Data Mart
81102,4,PM10 Total 0-10um STP,1 HOUR,2025-03-20,2025,79,Micrograms/cubic meter (25 C),24,100.0,20.9875,,64.1,14,.,Y,AQS Data Mart
81102,4,PM10 Total 0-10um STP,24-HR BLK AVG,2025-03-20,2025,79,Micrograms/cubic meter (25 C),1,100.0,20.0,,20.0,23,19,Y,AQS Data Mart
88101,4,PM2.5 - Local Conditions,1 HOUR,2025-03-21,2025,80,Micrograms/cubic meter (LC),24,100.0,2.479167,,3.5,17,.,Y,AQS Data Mart
88101,4,PM2.5 - Local Conditions,24-HR BLK AVG,2025-03-21,2025,80,Micrograms/cubic meter (LC),1,100.0,2.4,,2.4,0,13,Y,AQS Data Mart
88101,4,PM2.5 - Local Conditions,24-HR BLK AVG,2025-03-21,2025,80,Micrograms/cubic meter (LC),1,100.0,2.4,,2.4,0,13,Y,AQS Data Mart
81102,4,PM10 Total 0-10um STP,1 HOUR,2025-03-21,2025,80,Micrograms/cubic meter (25 C),24,100.0,15.2625,,43.6,14,.,Y,AQS Data Mart
81102,4,PM10 Total 0-10um STP,24-HR BLK AVG,2025-03-21,2025,80,Micrograms/cubic meter (25 C),1,100.0,15.0,,15.0,23,14,Y,AQS Data Mart
88101,4,PM2.5 - Local Conditions,1 HOUR,2025-03-22,2025,81,Micrograms/cubic meter (LC),24,100.0,2.679167,,6.2,13,.,Y,AQS Data Mart
88101,4,PM2.5 - Local Conditions,24-HR BLK AVG,2025-03-22,2025,81,Micrograms/cubic meter (LC),1,100.0,2.6,,2.6,0,14,Y,AQS Data Mart
88101,4,PM2.5 - Local Conditions,24-HR BLK AVG,2025-03-22,2025,81,Micrograms/cubic meter (LC),1,100.0,2.6,,2.6,0,14,Y,AQS Data Mart
81102,4,PM10 Total 0-10um STP,1 HOUR,2025-03-22,2025,81,Micrograms/cubic meter (25 C),24,100.0,19.466667,,107.6,13,.,Y,AQS Data Mart
81102,4,PM10 Total 0-10um STP,24-HR BLK AVG,2025-03-22,2025,81,Micrograms/cubic meter (25 C),1,100.0,19.0,,19.0,23,18,Y,AQS Data Mart
88101,4,PM2.5 - Local Conditions,1 HOUR,2025-03-23,2025,82,Micrograms/cubic meter (LC),24,100.0,1.85,,3.4,17,.,Y,AQS Data Mart
88101,4,PM2.5 - Local Conditions,24-HR BLK AVG,2025-03-23,2025,82,Micrograms/cubic meter (LC),1,100.0,1.8,,1.8,0,10,Y,AQS Data Mart
88101,4,PM2.5 - Local Conditions,24-HR BLK AVG,2025-03-23,2025,82,Micrograms/cubic meter (LC),1,100.0,1.8,,1.8,0,10,Y,AQS Data Mart
81102,4,PM10 Total 0-10um STP,1 HOUR,2025-03-23,2025,82,Micrograms/cubic meter (25 C),24,100.0,8.245833,,14.3,18,.,Y,AQS Data Mart
81102,4,PM10 Total 0-10um STP,24-HR BLK AVG,2025-03-23,2025,82,Micrograms/cubic meter (25 C),1,100.0,8.0,,8.0,23,7,Y,AQS Data Mart
88101,4,PM2.5 - Local Conditions,1 HOUR,2025-03-24,2025,83,Micrograms/cubic meter (LC),24,100.0,1.558333,,4.4,8,.,Y,AQS Data Mart
88101,4,PM2.5 - Local Conditions,24-HR BLK AVG,2025-03-24,2025,83,Micrograms/cubic meter (LC),1,100.0,1.5,,1.5,0,8,Y,AQS Data Mart
88101,4,PM2.5 - Local Conditions,24-HR BLK AVG,2025-03-24,2025,83,Micrograms/cubic meter (LC),1,100.0,1.5,,1.5,0,8,Y,AQS Data Mart
81102,4,PM10 Total 0-10um STP,1 HOUR,2025-03-24,2025,83,Micrograms/cubic meter (25 C),24,100.0,13.3,,54.9,8,.,Y,AQS Data Mart
81102,4,PM10 Total 0-10um STP,24-HR BLK AVG,2025-03-24,2025,83,Micrograms/cubic meter (25 C),1,100.0,13.0,,13.0,23,12,Y,AQS Data Mart
88101,4,PM2.5 - Local Conditions,1 HOUR,2025-03-25,2025,84,Micrograms/cubic meter (LC),24,100.0,5.429167,,35.0,5,.,Y,AQS Data Mart
88101,4,PM2.5 - Local Conditions,24-HR BLK AVG,2025-03-25,2025,84,Micrograms/cubic meter (LC),1,100.0,5.4,,5.4,0,30,Y,AQS Data Mart
88101,4,PM2.5 - Local Conditions,24-HR BLK AVG,2025-03-25,2025,84,Micrograms/cubic meter (LC),1,100.0,5.4,,5.4,0,30,Y,AQS Data Mart
81102,4,PM10 Total 0-10um STP,1 HOUR,2025-03-25,2025,84,Micrograms/cubic meter (25 C),24,100.0,23.0875,,60.1,5,.,Y,AQS Data Mart
81102,4,PM10 Total 0-10um STP,24-HR BLK AVG,2025-03-25,2025,84,Micrograms/cubic meter (25 C),1,100.0,23.0,,23.0,23,21,Y,AQS Data Mart
88101,4,PM2.5 - Local Conditions,1 HOUR,2025-03-26,2025,85,Micrograms/cubic meter (LC),22,92.0,4.863636,,7.9,22,.,Y,AQS Data Mart
88101,4,PM2.5 - Local Conditions,24-HR BLK AVG,2025-03-26,2025,85,Micrograms/cubic meter (LC),1,100.0,4.8,,4.8,0,27,Y,AQS Data Mart
88101,4,PM2.5 - Local Conditions,24-HR BLK AVG,2025-03-26,2025,85,Micrograms/cubic meter (LC),1,100.0,4.8,,4.8,0,27,Y,AQS Data Mart
81102,4,PM10 Total 0-10um STP,1 HOUR,2025-03-26,2025,85,Micrograms/cubic meter (25 C),22,92.0,28.613636,,62.9,6,.,Y,AQS Data Mart
81102,4,PM10 Total 0-10um STP,24-HR BLK AVG,2025-03-26,2025,85,Micrograms/cubic meter (25 C),1,100.0,28.0,,28.0,23,26,Y,AQS Data Mart
88101,4,PM2.5 - Local Conditions,1 HOUR,2025-03-27,2025,86,Micrograms/cubic meter (LC),24,100.0,5.041667,,10.8,7,.,Y,AQS Data Mart
88101,4,PM2.5 - Local Conditions,24-HR BLK AVG,2025-03-27,2025,86,Micrograms/cubic meter (LC),1,100.0,5.0,,5.0,0,28,Y,AQS Data Mart
88101,4,PM2.5 - Local Conditions,24-HR BLK AVG,2025-03-27,2025,86,Micrograms/cubic meter (LC),1,100.0,5.0,,5.0,0,28,Y,AQS Data Mart
81102,4,PM10 Total 0-10um STP,1 HOUR,2025-03-27,2025,86,Micrograms/cubic meter (25 C),24,100.0,29.425,,85.8,7,.,Y,AQS Data Mart
81102,4,PM10 Total 0-10um STP,24-HR BLK AVG,2025-03-27,2025,86,Micrograms/cubic meter (25 C),1,100.0,29.0,,29.0,23,27,Y,AQS Data Mart
88101,4,PM2.5 - Local Conditions,1 HOUR,2025-03-28,2025,87,Micrograms/cubic meter (LC),24,100.0,4.745833,,8.2,8,.,Y,AQS Data Mart
88101,4,PM2.5 - Local Conditions,24-HR BLK AVG,2025-03-28,2025,87,Micrograms/cubic meter (LC),1,100.0,4.7,,4.7,0,26,Y,AQS Data Mart
88101,4,PM2.5 - Local Conditions,24-HR BLK AVG,2025-03-28,2025,87,Micrograms/cubic meter (LC),1,100.0,4.7,,4.7,0,26,Y,AQS Data Mart
81102,4,PM10 Total 0-10um STP,1 HOUR,2025-03-28,2025,87,Micrograms/cubic meter (25 C),24,100.0,25.091667,,80.4,10,.,Y,AQS Data Mart
81102,4,PM10 Total 0-10um STP,24-HR BLK AVG,2025-03-28,2025,87,Micrograms/cubic meter (25 C),1,100.0,25.0,,25.0,23,23,Y,AQS Data Mart
88101,4,PM2.5 - Local Conditions,1 HOUR,2025-03-29,2025,88,Micrograms/cubic meter (LC),24,100.0,3.679167,,7.2,15,.,Y,AQS Data Mart
88101,4,PM2.5 - Local Conditions,24-HR BLK AVG,2025-03-29,2025,88,Micrograms/cubic meter (LC),1,100.0,3.6,,3.6,0,20,Y,AQS Data Mart
88101,4,PM2.5 - Local Conditions,24-HR BLK AVG,2025-03-29,2025,88,Micrograms/cubic meter (LC),1,100.0,3.6,,3.6,0,20,Y,AQS Data Mart
81102,4,PM10 Total 0-10um STP,1 HOUR,2025-03-29,2025,88,Micrograms/cubic meter (25 C),24,100.0,7.816667,,20.6,15,.,Y,AQS Data Mart
81102,4,PM10 Total 0-10um STP,24-HR BLK AVG,2025-03-29,2025,88,Micrograms/cubic meter (25 C),1,100.0,7.0,,7.0,23,6,Y,AQS Data Mart
88101,4,PM2.5 - Local Conditions,1 HOUR,2025-03-30,2025,89,Micrograms/cubic meter (LC),24,100.0,5.225,,7.3,23,.,Y,AQS Data Mart
88101,4,PM2.5 - Local Conditions,24-HR BLK AVG,2025-03-30,2025,89,Micrograms/cubic meter (LC),1,100.0,5.2,,5.2,0,29,Y,AQS Data Mart
88101,4,PM2.5 - Local Conditions,24-HR BLK AVG,2025-03-30,2025,89,Micrograms/cubic meter (LC),1,100.0,5.2,,5.2,0,29,Y,AQS Data Mart
81102,4,PM10 Total 0-10um STP,1 HOUR,2025-03-30,2025,89,Micrograms/cubic meter (25 C),24,100.0,8.870833,,12.0,6,.,Y,AQS Data Mart
81102,4,PM10 Total 0-10um STP,24-HR BLK AVG,2025-03-30,2025,89,Micrograms/cubic meter (25 C),1,100.0,8.0,,8.0,23,7,Y,AQS Data Mart
88101,4,PM2.5 - Local Conditions,1 HOUR,2025-03-31,2025,90,Micrograms/cubic meter (LC),24,100.0,8.420833,,15.0,16,.,Y,AQS Data Mart
88101,4,PM2.5 - Local Conditions,24-HR BLK AVG,2025-03-31,2025,90,Micrograms/cubic meter (LC),1,100.0,8.4,,8.4,0,47,Y,AQS Data Mart
88101,4,PM2.5 - Local Conditions,24-HR BLK AVG,2025-03-31,2025,90,Micrograms/cubic meter (LC),1,100.0,8.4,,8.4,0,47,Y,AQS Data Mart
81102,4,PM10 Total 0-10um STP,1 HOUR,2025-03-31,2025,90,Micrograms/cubic meter (25 C),24,100.0,18.083333,,41.1,17,.,Y,AQS Data Mart
81102,4,PM10 Total 0-10um STP,24-HR BLK AVG,2025-03-31,2025,90,Micrograms/cubic meter (25 C),1,100.0,18.0,,18.0,23,17,Y,AQS Data Mart
88101,4,PM2.5 - Local Conditions,1 HOUR,2025-04-01,2025,91,Micrograms/cubic meter (LC),24,100.0,4.025,,8.3,6,.,Y,AQS Data Mart
88101,4,PM2.5 - Local Conditions,24-HR BLK AVG,2025-04-01,2025,91,Micrograms/cubic meter (LC),1,100.0,4.0,,4.0,0,22,Y,AQS Data Mart
88101,4,PM2.5 - Local Conditions,24-HR BLK AVG,2025-04-01,2025,91,Micrograms/cubic meter (LC),1,100.0,4.0,,4.0,0,22,Y,AQS Data Mart
81102,4,PM10 Total 0-10um STP,24-HR BLK AVG,2025-04-01,2025,91,Micrograms/cubic meter (25 C),1,100.0,12.0,,12.0,23,11,Y,AQS Data Mart
81102,4,PM10 Total 0-10um STP,1 HOUR,2025-04-01,2025,91,Micrograms/cubic meter (25 C),24,100.0,12.333333,,25.9,6,.,Y,AQS Data Mart
88101,4,PM2.5 - Local Conditions,1 HOUR,2025-04-02,2025,92,Micrograms/cubic meter (LC),23,96.0,3.247826,,8.8,6,.,Y,AQS Data Mart
88101,4,PM2.5 - Local Conditions,24-HR BLK AVG,2025-04-02,2025,92,Micrograms/cubic meter (LC),1,100.0,3.2,,3.2,0,18,Y,AQS Data Mart
88101,4,PM2.5 - Local Conditions,24-HR BLK AVG,2025-04-02,2025,92,Micrograms/cubic meter (LC),1,100.0,3.2,,3.2,0,18,Y,AQS Data Mart
81102,4,PM10 Total 0-10um STP,1 HOUR,2025-04-02,2025,92,Micrograms/cubic meter (25 C),23,96.0,10.552174,,20.9,13,.,Y,AQS Data Mart
81102,4,PM10 Total 0-10um STP,24-HR BLK AVG,2025-04-02,2025,92,Micrograms/cubic meter (25 C),1,100.0,10.0,,10.0,23,9,Y,AQS Data Mart
88101,4,PM2.5 - Local Conditions,1 HOUR,2025-04-03,2025,93,Micrograms/cubic meter (LC),24,100.0,3.508333,,6.3,4,.,Y,AQS Data Mart
88101,4,PM2.5 - Local Conditions,24-HR BLK AVG,2025-04-03,2025,93,Micrograms/cubic meter (LC),1,100.0,3.5,,3.5,0,19,Y,AQS Data Mart
88101,4,PM2.5 - Local Conditions,24-HR BLK AVG,2025-04-03,2025,93,Micrograms/cubic meter (LC),1,100.0,3.5,,3.5,0,19,Y,AQS Data Mart
81102,4,PM10 Total 0-10um STP,24-HR BLK AVG,2025-04-03,2025,93,Micrograms/cubic meter (25 C),1,100.0,8.0,,8.0,23,7,Y,AQS Data Mart
81102,4,PM10 Total 0-10um STP,1 HOUR,2025-04-03,2025,93,Micrograms/cubic meter (25 C),24,100.0,8.754167,,18.5,6,.,Y,AQS Data Mart
88101,4,PM2.5 - Local Conditions,1 HOUR,2025-04-04,2025,94,Micrograms/cubic meter (LC),24,100.0,4.366667,,6.2,7,.,Y,AQS Data Mart
88101,4,PM2.5 - Local Conditions,24-HR BLK AVG,2025-04-04,2025,94,Micrograms/cubic meter (LC),1,100.0,4.3,,4.3,0,24,Y,AQS Data Mart
88101,4,PM2.5 - Local Conditions,24-HR BLK AVG,2025-04-04,2025,94,Micrograms/cubic meter (LC),1,100.0,4.3,,4.3,0,24,Y,AQS Data Mart
81102,4,PM10 Total 0-10um STP,24-HR BLK AVG,2025-04-04,2025,94,Micrograms/cubic meter (25 C),1,100.0,7.0,,7.0,23,6,Y,AQS Data Mart
81102,4,PM10 Total 0-10um STP,1 HOUR,2025-04-04,2025,94,Micrograms/cubic meter (25 C),24,100.0,7.4875,,12.2,7,.,Y,AQS Data Mart
88101,4,PM2.5 - Local Conditions,1 HOUR,2025-04-05,2025,95,Micrograms/cubic meter (LC),24,100.0,6.520833,,8.4,19,.,Y,AQS Data Mart
88101,4,PM2.5 - Local Conditions,24-HR BLK AVG,2025-04-05,2025,95,Micrograms/cubic meter (LC),1,100.0,6.5,,6.5,0,36,Y,AQS Data Mart
88101,4,PM2.5 - Local Conditions,24-HR BLK AVG,2025-04-05,2025,95,Micrograms/cubic meter (LC),1,100.0,6.5,,6.5,0,36,Y,AQS Data Mart
81102,4,PM10 Total 0-10um STP,1 HOUR,2025-04-05,2025,95,Micrograms/cubic meter (25 C),24,100.0,11.65,,20.6,22,.,Y,AQS Data Mart
81102,4,PM10 Total 0-10um STP,24-HR BLK AVG,2025-04-05,2025,95,Micrograms/cubic meter (25 C),1,100.0,11.0,,11.0,23,10,Y,AQS Data Mart
88101,4,PM2.5 - Local Conditions,1 HOUR,2025-04-06,2025,96,Micrograms/cubic meter (LC),24,100.0,5.041667,,7.4,19,.,Y,AQS Data Mart
88101,4,PM2.5 - Local Conditions,24-HR BLK AVG,2025-04-06,2025,96,Micrograms/cubic meter (LC),1,100.0,5.0,,5.0,0,28,Y,AQS Data Mart
88101,4,PM2.5 - Local Conditions,24-HR BLK AVG,2025-04-06,2025,96,Micrograms/cubic meter (LC),1,100.0,5.0,,5.0,0,28,Y,AQS Data Mart
81102,4,PM10 Total 0-10um STP,1 HOUR,2025-04-06,2025,96,Micrograms/cubic meter (25 C),24,100.0,16.595833,,28.9,21,.,Y,AQS Data Mart
81102,4,PM10 Total 0-10um STP,24-HR BLK AVG,2025-04-06,2025,96,Micrograms/cubic meter (25 C),1,100.0,16.0,,16.0,23,15,Y,AQS Data Mart
88101,4,PM2.5 - Local Conditions,1 HOUR,2025-04-07,2025,97,Micrograms/cubic meter (LC),22,92.0,6.731818,,8.6,6,.,Y,AQS Data Mart
88101,4,PM2.5 - Local Conditions,24-HR BLK AVG,2025-04-07,2025,97,Micrograms/cubic meter (LC),1,100.0,6.7,,6.7,0,37,Y,AQS Data Mart
88101,4,PM2.5 - Local Conditions,24-HR BLK AVG,2025-04-07,2025,97,Micrograms/cubic meter (LC),1,100.0,6.7,,6.7,0,37,Y,AQS Data Mart
81102,4,PM10 Total 0-10um STP,24-HR BLK AVG,2025-04-07,2025,97,Micrograms/cubic meter (25 C),1,100.0,30.0,,30.0,23,28,Y,AQS Data Mart
81102,4,PM10 Total 0-10um STP,1 HOUR,2025-04-07,2025,97,Micrograms/cubic meter (25 C),22,92.0,30.977273,,51.0,7,.,Y,AQS Data Mart
88101,4,PM2.5 - Local Conditions,1 HOUR,2025-04-08,2025,98,Micrograms/cubic meter (LC),24,100.0,5.266667,,6.3,1,.,Y,AQS Data Mart
88101,4,PM2.5 - Local Conditions,24-HR BLK AVG,2025-04-08,2025,98,Micrograms/cubic meter (LC),1,100.0,5.2,,5.2,0,29,Y,AQS Data Mart
88101,4,PM2.5 - Local Conditions,24-HR BLK AVG,2025-04-08,2025,98,Micrograms/cubic meter (LC),1,100.0,5.2,,5.2,0,29,Y,AQS Data Mart
81102,4,PM10 Total 0-10um STP,24-HR BLK AVG,2025-04-08,2025,98,Micrograms/cubic meter (25 C),1,100.0,29.0,,29.0,23,27,Y,AQS Data Mart
81102,4,PM10 Total 0-10um STP,1 HOUR,2025-04-08,2025,98,Micrograms/cubic meter (25 C),24,100.0,29.5375,,59.6,11,.,Y,AQS Data Mart
88101,4,PM2.5 - Local Conditions,1 HOUR,2025-04-09,2025,99,Micrograms/cubic meter (LC),24,100.0,10.9125,,15.5,13,.,Y,AQS Data Mart
88101,4,PM2.5 - Local Conditions,24-HR BLK AVG,2025-04-09,2025,99,Micrograms/cubic meter (LC),1,100.0,10.9,,10.9,0,54,Y,AQS Data Mart
88101,4,PM2.5 - Local Conditions,24-HR BLK AVG,2025-04-09,2025,99,Micrograms/cubic meter (LC),1,100.0,10.9,,10.9,0,54,Y,AQS Data Mart
81102,4,PM10 Total 0-10um STP,1 HOUR,2025-04-09,2025,99,Micrograms/cubic meter (25 C),24,100.0,52.558333,,107.2,13,.,Y,AQS Data Mart
81102,4,PM10 Total 0-10um STP,24-HR BLK AVG,2025-04-09,2025,99,Micrograms/cubic meter (25 C),1,100.0,52.0,,52.0,23,48,Y,AQS Data Mart
88101,4,PM2.5 - Local Conditions,1 HOUR,2025-04-10,2025,100,Micrograms/cubic meter (LC),24,100.0,8.691667,,10.6,7,.,Y,AQS Data Mart
88101,4,PM2.5 - Local Conditions,24-HR BLK AVG,2025-04-10,2025,100,Micrograms/cubic meter (LC),1,100.0,8.6,,8.6,0,48,Y,AQS Data Mart
88101,4,PM2.5 - Local Conditions,24-HR BLK AVG,2025-04-10,2025,100,Micrograms/cubic meter (LC),1,100.0,8.6,,8.6,0,48,Y,AQS Data Mart
81102,4,PM10 Total 0-10um STP,1 HOUR,2025-04-10,2025,100,Micrograms/cubic meter (25 C),24,100.0,38.995833,,58.4,7,.,Y,AQS Data Mart
81102,4,PM10 Total 0-10um STP,24-HR BLK AVG,2025-04-10,2025,100,Micrograms/cubic meter (25 C),1,100.0,38.0,,38.0,23,35,Y,AQS Data Mart
88101,4,PM2.5 - Local Conditions,1 HOUR,2025-04-11,2025,101,Micrograms/cubic meter (LC),24,100.0,8.3125,,11.8,9,.,Y,AQS Data Mart
88101,4,PM2.5 - Local Conditions,24-HR BLK AVG,2025-04-11,2025,101,Micrograms/cubic meter (LC),1,100.0,8.3,,8.3,0,46,Y,AQS Data Mart
88101,4,PM2.5 - Local Conditions,24-HR BLK AVG,2025-04-11,2025,101,Micrograms/cubic meter (LC),1,100.0,8.3,,8.3,0,46,Y,AQS Data Mart
81102,4,PM10 Total 0-10um STP,1 HOUR,2025-04-11,2025,101,Micrograms/cubic meter (25 C),24,100.0,34.858333,,57.2,9,.,Y,AQS Data Mart
81102,4,PM10 Total 0-10um STP,24-HR BLK AVG,2025-04-11,2025,101,Micrograms/cubic meter (25 C),1,100.0,34.0,,34.0,23,31,Y,AQS Data Mart
88101,4,PM2.5 - Local Conditions,1 HOUR,2025-04-12,2025,102,Micrograms/cubic meter (LC),24,100.0,6.4125,,11.6,7,.,Y,AQS Data Mart
88101,4,PM2.5 - Local Conditions,24-HR BLK AVG,2025-04-12,2025,102,Micrograms/cubic meter (LC),1,100.0,6.4,,6.4,0,36,Y,AQS Data Mart
88101,4,PM2.5 - Local Conditions,24-HR BLK AVG,2025-04-12,2025,102,Micrograms/cubic meter (LC),1,100.0,6.4,,6.4,0,36,Y,AQS Data Mart
81102,4,PM10 Total 0-10um STP,1 HOUR,2025-04-12,2025,102,Micrograms/cubic meter (25 C),24,100.0,31.925,,75.2,7,.,Y,AQS Data Mart
81102,4,PM10 Total 0-10um STP,24-HR BLK AVG,2025-04-12,2025,102,Micrograms/cubic meter (25 C),1,100.0,31.0,,31.0,23,29,Y,AQS Data Mart
88101,4,PM2.5 - Local Conditions,1 HOUR,2025-04-13,2025,103,Micrograms/cubic meter (LC),24,100.0,4.304167,,5.4,5,.,Y,AQS Data Mart
88101,4,PM2.5 - Local Conditions,24-HR BLK AVG,2025-04-13,2025,103,Micrograms/cubic meter (LC),1,100.0,4.3,,4.3,0,24,Y,AQS Data Mart
88101,4,PM2.5 - Local Conditions,24-HR BLK AVG,2025-04-13,2025,103,Micrograms/cubic meter (LC),1,100.0,4.3,,4.3,0,24,Y,AQS Data Mart
81102,4,PM10 Total 0-10um STP,1 HOUR,2025-04-13,2025,103,Micrograms/cubic meter (25 C),24,100.0,21.475,,56.0,15,.,Y,AQS Data Mart
81102,4,PM10 Total 0-10um STP,24-HR BLK AVG,2025-04-13,2025,103,Micrograms/cubic meter (25 C),1,100.0,21.0,,21.0,23,19,Y,AQS Data Mart
88101,4,PM2.5 - Local Conditions,1 HOUR,2025-04-14,2025,104,Micrograms/cubic meter (LC),24,100.0,6.1625,,10.7,20,.,Y,AQS Data Mart
88101,4,PM2.5 - Local Conditions,24-HR BLK AVG,2025-04-14,2025,104,Micrograms/cubic meter (LC),1,100.0,6.1,,6.1,0,34,Y,AQS Data Mart
88101,4,PM2.5 - Local Conditions,24-HR BLK AVG,2025-04-14,2025,104,Micrograms/cubic meter (LC),1,100.0,6.1,,6.1,0,34,Y,AQS Data Mart
81102,4,PM10 Total 0-10um STP,1 HOUR,2025-04-14,2025,104,Micrograms/cubic meter (25 C),24,100.0,16.966667,,25.3,14,.,Y,AQS Data Mart
81102,4,PM10 Total 0-10um STP,24-HR BLK AVG,2025-04-14,2025,104,Micrograms/cubic meter (25 C),1,100.0,16.0,,16.0,23,15,Y,AQS Data Mart
88101,4,PM2.5 - Local Conditions,1 HOUR,2025-04-15,2025,105,Micrograms/cubic meter (LC),24,100.0,7.495833,,11.6,15,.,Y,AQS Data Mart
88101,4,PM2.5 - Local Conditions,24-HR BLK AVG,2025-04-15,2025,105,Micrograms/cubic meter (LC),1,100.0,7.4,,7.4,0,41,Y,AQS Data Mart
88101,4,PM2.5 - Local Conditions,24-HR BLK AVG,2025-04-15,2025,105,Micrograms/cubic meter (LC),1,100.0,7.4,,7.4,0,41,Y,AQS Data Mart
81102,4,PM10 Total 0-10um STP,1 HOUR,2025-04-15,2025,105,Micrograms/cubic meter (25 C),24,100.0,30.7625,,52.7,15,.,Y,AQS Data Mart
81102,4,PM10 Total 0-10um STP,24-HR BLK AVG,2025-04-15,2025,105,Micrograms/cubic meter (25 C),1,100.0,30.0,,30.0,23,28,Y,AQS Data Mart
88101,4,PM2.5 - Local Conditions,1 HOUR,2025-04-16,2025,106,Micrograms/cubic meter (LC),22,92.0,5.022727,,11.1,8,.,Y,AQS Data Mart
88101,4,PM2.5 - Local Conditions,24-HR BLK AVG,2025-04-16,2025,106,Micrograms/cubic meter (LC),1,100.0,5.0,,5.0,0,28,Y,AQS Data Mart
88101,4,PM2.5 - Local Conditions,24-HR BLK AVG,2025-04-16,2025,106,Micrograms/cubic meter (LC),1,100.0,5.0,,5.0,0,28,Y,AQS Data Mart
81102,4,PM10 Total 0-10um STP,1 HOUR,2025-04-16,2025,106,Micrograms/cubic meter (25 C),22,92.0,28.681818,,139.3,16,.,Y,AQS Data Mart
81102,4,PM10 Total 0-10um STP,24-HR BLK AVG,2025-04-16,2025,106,Micrograms/cubic meter (25 C),1,100.0,28.0,,28.0,23,26,Y,AQS Data Mart
88101,4,PM2.5 - Local Conditions,1 HOUR,2025-04-17,2025,107,Micrograms/cubic meter (LC),24,100.0,3.608333,,6.3,17,.,Y,AQS Data Mart
88101,4,PM2.5 - Local Conditions,24-HR BLK AVG,2025-04-17,2025,107,Micrograms/cubic meter (LC),1,100.0,3.6,,3.6,0,20,Y,AQS Data Mart
88101,4,PM2.5 - Local Conditions,24-HR BLK AVG,2025-04-17,2025,107,Micrograms/cubic meter (LC),1,100.0,3.6,,3.6,0,20,Y,AQS Data Mart
81102,4,PM10 Total 0-10um STP,1 HOUR,2025-04-17,2025,107,Micrograms/cubic meter (25 C),24,100.0,19.370833,,50.9,13,.,Y,AQS Data Mart
81102,4,PM10 Total 0-10um STP,24-HR BLK AVG,2025-04-17,2025,107,Micrograms/cubic meter (25 C),1,100.0,19.0,,19.0,23,18,Y,AQS Data Mart
88101,4,PM2.5 - Local Conditions,1 HOUR,2025-04-18,2025,108,Micrograms/cubic meter (LC),24,100.0,4.170833,,6.5,18,.,Y,AQS Data Mart
88101,4,PM2.5 - Local Conditions,24-HR BLK AVG,2025-04-18,2025,108,Micrograms/cubic meter (LC),1,100.0,4.1,,4.1,0,23,Y,AQS Data Mart
88101,4,PM2.5 - Local Conditions,24-HR BLK AVG,2025-04-18,2025,108,Micrograms/cubic meter (LC),1,100.0,4.1,,4.1,0,23,Y,AQS Data Mart
81102,4,PM10 Total 0-10um STP,1 HOUR,2025-04-18,2025,108,Micrograms/cubic meter (25 C),24,100.0,6.608333,,9.7,18,.,Y,AQS Data Mart
81102,4,PM10 Total 0-10um STP,24-HR BLK AVG,2025-04-18,2025,108,Micrograms/cubic meter (25 C),1,100.0,6.0,,6.0,23,6,Y,AQS Data Mart
88101,4,PM2.5 - Local Conditions,1 HOUR,2025-04-19,2025,109,Micrograms/cubic meter (LC),24,100.0,7.383333,,11.4,21,.,Y,AQS Data Mart
88101,4,PM2.5 - Local Conditions,24-HR BLK AVG,2025-04-19,2025,109,Micrograms/cubic meter (LC),1,100.0,7.3,,7.3,0,41,Y,AQS Data Mart
88101,4,PM2.5 - Local Conditions,24-HR BLK AVG,2025-04-19,2025,109,Micrograms/cubic meter (LC),1,100.0,7.3,,7.3,0,41,Y,AQS Data Mart
81102,4,PM10 Total 0-10um STP,1 HOUR,2025-04-19,2025,109,Micrograms/cubic meter (25 C),24,100.0,11.758333,,19.8,20,.,Y,AQS Data Mart
81102,4,PM10 Total 0-10um STP,24-HR BLK AVG,2025-04-19,2025,109,Micrograms/cubic meter (25 C),1,100.0,11.0,,11.0,23,10,Y,AQS Data Mart
88101,4,PM2.5 - Local Conditions,1 HOUR,2025-04-20,2025,110,Micrograms/cubic meter (LC),24,100.0,5.4,,10.5,0,.,Y,AQS Data Mart
88101,4,PM2.5 - Local Conditions,24-HR BLK AVG,2025-04-20,2025,110,Micrograms/cubic meter (LC),1,100.0,5.4,,5.4,0,30,Y,AQS Data Mart
88101,4,PM2.5 - Local Conditions,24-HR BLK AVG,2025-04-20,2025,110,Micrograms/cubic meter (LC),1,100.0,5.4,,5.4,0,30,Y,AQS Data Mart
81102,4,PM10 Total 0-10um STP,1 HOUR,2025-04-20,2025,110,Micrograms/cubic meter (25 C),24,100.0,11.391667,,17.8,0,.,Y,AQS Data Mart
81102,4,PM10 Total 0-10um STP,24-HR BLK AVG,2025-04-20,2025,110,Micrograms/cubic meter (25 C),1,100.0,11.0,,11.0,23,10,Y,AQS Data Mart
88101,4,PM2.5 - Local Conditions,1 HOUR,2025-04-21,2025,111,Micrograms/cubic meter (LC),24,100.0,3.433333,,3.9,6,.,Y,AQS Data Mart
88101,4,PM2.5 - Local Conditions,24-HR BLK AVG,2025-04-21,2025,111,Micrograms/cubic meter (LC),1,100.0,3.4,,3.4,0,19,Y,AQS Data Mart
88101,4,PM2.5 - Local Conditions,24-HR BLK AVG,2025-04-21,2025,111,Micrograms/cubic meter (LC),1,100.0,3.4,,3.4,0,19,Y,AQS Data Mart
81102,4,PM10 Total 0-10um STP,1 HOUR,2025-04-21,2025,111,Micrograms/cubic meter (25 C),24,100.0,18.55,,49.4,14,.,Y,AQS Data Mart
81102,4,PM10 Total 0-10um STP,24-HR BLK AVG,2025-04-21,2025,111,Micrograms/cubic meter (25 C),1,100.0,18.0,,18.0,23,17,Y,AQS Data Mart
88101,4,PM2.5 - Local Conditions,1 HOUR,2025-04-22,2025,112,Micrograms/cubic meter (LC),24,100.0,4.75,,6.8,7,.,Y,AQS Data Mart
88101,4,PM2.5 - Local Conditions,24-HR BLK AVG,2025-04-22,2025,112,Micrograms/cubic meter (LC),1,100.0,4.7,,4.7,0,26,Y,AQS Data Mart
88101,4,PM2.5 - Local Conditions,24-HR BLK AVG,2025-04-22,2025,112,Micrograms/cubic meter (LC),1,100.0,4.7,,4.7,0,26,Y,AQS Data Mart
81102,4,PM10 Total 0-10um STP,1 HOUR,2025-04-22,2025,112,Micrograms/cubic meter (25 C),24,100.0,23.741667,,34.9,9,.,Y,AQS Data Mart
81102,4,PM10 Total 0-10um STP,24-HR BLK AVG,2025-04-22,2025,112,Micrograms/cubic meter (25 C),1,100.0,23.0,,23.0,23,21,Y,AQS Data Mart
88101,4,PM2.5 - Local Conditions,1 HOUR,2025-04-23,2025,113,Micrograms/cubic meter (LC),24,100.0,9.35,,19.3,19,.,Y,AQS Data Mart
88101,4,PM2.5 - Local Conditions,24-HR BLK AVG,2025-04-23,2025,113,Micrograms/cubic meter (LC),1,100.0,9.3,,9.3,0,51,Y,AQS Data Mart
88101,4,PM2.5 - Local Conditions,24-HR BLK AVG,2025-04-23,2025,113,Micrograms/cubic meter (LC),1,100.0,9.3,,9.3,0,51,Y,AQS Data Mart
81102,4,PM10 Total 0-10um STP,1 HOUR,2025-04-23,2025,113,Micrograms/cubic meter (25 C),24,100.0,32.266667,,68.5,15,.,Y,AQS Data Mart
81102,4,PM10 Total 0-10um STP,24-HR BLK AVG,2025-04-23,2025,113,Micrograms/cubic meter (25 C),1,100.0,32.0,,32.0,23,30,Y,AQS Data Mart
88101,4,PM2.5 - Local Conditions,1 HOUR,2025-04-24,2025,114,Micrograms/cubic meter (LC),22,92.0,11.75,,20.2,13,.,Y,AQS Data Mart
88101,4,PM2.5 - Local Conditions,24-HR BLK AVG,2025-04-24,2025,114,Micrograms/cubic meter (LC),1,100.0,11.7,,11.7,0,56,Y,AQS Data Mart
88101,4,PM2.5 - Local Conditions,24-HR BLK AVG,2025-04-24,2025,114,Micrograms/cubic meter (LC),1,100.0,11.7,,11.7,0,56,Y,AQS Data Mart
81102,4,PM10 Total 0-10um STP,1 HOUR,2025-04-24,2025,114,Micrograms/cubic meter (25 C),22,92.0,38.554545,,65.3,13,.,Y,AQS Data Mart
81102,4,PM10 Total 0-10um STP,24-HR BLK AVG,2025-04-24,2025,114,Micrograms/cubic meter (25 C),1,100.0,38.0,,38.0,23,35,Y,AQS Data Mart
88101,4,PM2.5 - Local Conditions,1 HOUR,2025-04-25,2025,115,Micrograms/cubic meter (LC),24,100.0,2.479167,,3.9,13,.,Y,AQS Data Mart
88101,4,PM2.5 - Local Conditions,24-HR BLK AVG,2025-04-25,2025,115,Micrograms/cubic meter (LC),1,100.0,2.4,,2.4,0,13,Y,AQS Data Mart
88101,4,PM2.5 - Local Conditions,24-HR BLK AVG,2025-04-25,2025,115,Micrograms/cubic meter (LC),1,100.0,2.4,,2.4,0,13,Y,AQS Data Mart
81102,4,PM10 Total 0-10um STP,1 HOUR,2025-04-25,2025,115,Micrograms/cubic meter (25 C),24,100.0,4.408333,,7.6,12,.,Y,AQS Data Mart
81102,4,PM10 Total 0-10um STP,24-HR BLK AVG,2025-04-25,2025,115,Micrograms/cubic meter (25 C),1,100.0,4.0,,4.0,23,4,Y,AQS Data Mart
88101,4,PM2.5 - Local Conditions,1 HOUR,2025-04-26,2025,116,Micrograms/cubic meter (LC),24,100.0,6.870833,,11.8,20,.,Y,AQS Data Mart
88101,4,PM2.5 - Local Conditions,24-HR BLK AVG,2025-04-26,2025,116,Micrograms/cubic meter (LC),1,100.0,6.8,,6.8,0,38,Y,AQS Data Mart
88101,4,PM2.5 - Local Conditions,24-HR BLK AVG,2025-04-26,2025,116,Micrograms/cubic meter (LC),1,100.0,6.8,,6.8,0,38,Y,AQS Data Mart
81102,4,PM10 Total 0-10um STP,1 HOUR,2025-04-26,2025,116,Micrograms/cubic meter (25 C),24,100.0,15.691667,,27.2,20,.,Y,AQS Data Mart
81102,4,PM10 Total 0-10um STP,24-HR BLK AVG,2025-04-26,2025,116,Micrograms/cubic meter (25 C),1,100.0,15.0,,15.0,23,14,Y,AQS Data Mart
88101,4,PM2.5 - Local Conditions,1 HOUR,2025-04-27,2025,117,Micrograms/cubic meter (LC),24,100.0,7.3375,,12.6,8,.,Y,AQS Data Mart
88101,4,PM2.5 - Local Conditions,24-HR BLK AVG,2025-04-27,2025,117,Micrograms/cubic meter (LC),1,100.0,7.3,,7.3,0,41,Y,AQS Data Mart
88101,4,PM2.5 - Local Conditions,24-HR BLK AVG,2025-04-27,2025,117,Micrograms/cubic meter (LC),1,100.0,7.3,,7.3,0,41,Y,AQS Data Mart
81102,4,PM10 Total 0-10um STP,1 HOUR,2025-04-27,2025,117,Micrograms/cubic meter (25 C),24,100.0,23.3625,,62.1,17,.,Y,AQS Data Mart
81102,4,PM10 Total 0-10um STP,24-HR BLK AVG,2025-04-27,2025,117,Micrograms/cubic meter (25 C),1,100.0,23.0,,23.0,23,21,Y,AQS Data Mart
88101,4,PM2.5 - Local Conditions,1 HOUR,2025-04-28,2025,118,Micrograms/cubic meter (LC),24,100.0,2.5625,,4.4,0,.,Y,AQS Data Mart
88101,4,PM2.5 - Local Conditions,24-HR BLK AVG,2025-04-28,2025,118,Micrograms/cubic meter (LC),1,100.0,2.5,,2.5,0,14,Y,AQS Data Mart
88101,4,PM2.5 - Local Conditions,24-HR BLK AVG,2025-04-28,2025,118,Micrograms/cubic meter (LC),1,100.0,2.5,,2.5,0,14,Y,AQS Data Mart
81102,4,PM10 Total 0-10um STP,1 HOUR,2025-04-28,2025,118,Micrograms/cubic meter (25 C),24,100.0,19.233333,,82.4,13,.,Y,AQS Data Mart
81102,4,PM10 Total 0-10um STP,24-HR BLK AVG,2025-04-28,2025,118,Micrograms/cubic meter (25 C),1,100.0,19.0,,19.0,23,18,Y,AQS Data Mart
88101,4,PM2.5 - Local Conditions,1 HOUR,2025-04-29,2025,119,Micrograms/cubic meter (LC),24,100.0,4.154167,,6.9,19,.,Y,AQS Data Mart
88101,4,PM2.5 - Local Conditions,24-HR BLK AVG,2025-04-29,2025,119,Micrograms/cubic meter (LC),1,100.0,4.1,,4.1,0,23,Y,AQS Data Mart
88101,4,PM2.5 - Local Conditions,24-HR BLK AVG,2025-04-29,2025,119,Micrograms/cubic meter (LC),1,100.0,4.1,,4.1,0,23,Y,AQS Data Mart
81102,4,PM10 Total 0-10um STP,1 HOUR,2025-04-29,2025,119,Micrograms/cubic meter (25 C),24,100.0,17.729167,,73.5,14,.,Y,AQS Data Mart
81102,4,PM10 Total 0-10um STP,24-HR BLK AVG,2025-04-29,2025,119,Micrograms/cubic meter (25 C),1,100.0,17.0,,17.0,23,16,Y,AQS Data Mart
88101,4,PM2.5 - Local Conditions,1 HOUR,2025-04-30,2025,120,Micrograms/cubic meter (LC),24,100.0,3.4875,,5.7,6,.,Y,AQS Data Mart
88101,4,PM2.5 - Local Conditions,24-HR BLK AVG,2025-04-30,2025,120,Micrograms/cubic meter (LC),1,100.0,3.4,,3.4,0,19,Y,AQS Data Mart
88101,4,PM2.5 - Local Conditions,24-HR BLK AVG,2025-04-30,2025,120,Micrograms/cubic meter (LC),1,100.0,3.4,,3.4,0,19,Y,AQS Data Mart
81102,4,PM10 Total 0-10um STP,1 HOUR,2025-04-30,2025,120,Micrograms/cubic meter (25 C),24,100.0,17.345833,,48.2,6,.,Y,AQS Data Mart
81102,4,PM10 Total 0-10um STP,24-HR BLK AVG,2025-04-30,2025,120,Micrograms/cubic meter (25 C),1,100.0,17.0,,17.0,23,16,Y,AQS Data Mart
88101,4,PM2.5 - Local Conditions,1 HOUR,2025-05-01,2025,121,Micrograms/cubic meter (LC),24,100.0,3.016667,,4.4,2,.,Y,AQS Data Mart
88101,4,PM2.5 - Local Conditions,24-HR BLK AVG,2025-05-01,2025,121,Micrograms/cubic meter (LC),1,100.0,3.0,,3.0,0,17,Y,AQS Data Mart
88101,4,PM2.5 - Local Conditions,24-HR BLK AVG,2025-05-01,2025,121,Micrograms/cubic meter (LC),1,100.0,3.0,,3.0,0,17,Y,AQS Data Mart
81102,4,PM10 Total 0-10um STP,1 HOUR,2025-05-01,2025,121,Micrograms/cubic meter (25 C),24,100.0,7.045833,,9.3,12,.,Y,AQS Data Mart
81102,4,PM10 Total 0-10um STP,24-HR BLK AVG,2025-05-01,2025,121,Micrograms/cubic meter (25 C),1,100.0,7.0,,7.0,23,6,Y,AQS Data Mart
88101,4,PM2.5 - Local Conditions,1 HOUR,2025-05-02,2025,122,Micrograms/cubic meter (LC),24,100.0,4.4625,,6.8,22,.,Y,AQS Data Mart
88101,4,PM2.5 - Local Conditions,24-HR BLK AVG,2025-05-02,2025,122,Micrograms/cubic meter (LC),1,100.0,4.4,,4.4,0,24,Y,AQS Data Mart
88101,4,PM2.5 - Local Conditions,24-HR BLK AVG,2025-05-02,2025,122,Micrograms/cubic meter (LC),1,100.0,4.4,,4.4,0,24,Y,AQS Data Mart
81102,4,PM10 Total 0-10um STP,1 HOUR,2025-05-02,2025,122,Micrograms/cubic meter (25 C),24,100.0,14.025,,26.6,6,.,Y,AQS Data Mart
81102,4,PM10 Total 0-10um STP,24-HR BLK AVG,2025-05-02,2025,122,Micrograms/cubic meter (25 C),1,100.0,14.0,,14.0,23,13,Y,AQS Data Mart
88101,4,PM2.5 - Local Conditions,1 HOUR,2025-05-03,2025,123,Micrograms/cubic meter (LC),24,100.0,4.891667,,7.1,23,.,Y,AQS Data Mart
88101,4,PM2.5 - Local Conditions,24-HR BLK AVG,2025-05-03,2025,123,Micrograms/cubic meter (LC),1,100.0,4.8,,4.8,0,27,Y,AQS Data Mart
88101,4,PM2.5 - Local Conditions,24-HR BLK AVG,2025-05-03,2025,123,Micrograms/cubic meter (LC),1,100.0,4.8,,4.8,0,27,Y,AQS Data Mart
81102,4,PM10 Total 0-10um STP,1 HOUR,2025-05-03,2025,123,Micrograms/cubic meter (25 C),24,100.0,17.666667,,28.8,20,.,Y,AQS Data Mart
81102,4,PM10 Total 0-10um STP,24-HR BLK AVG,2025-05-03,2025,123,Micrograms/cubic meter (25 C),1,100.0,17.0,,17.0,23,16,Y,AQS Data Mart
88101,4,PM2.5 - Local Conditions,1 HOUR,2025-05-04,2025,124,Micrograms/cubic meter (LC),24,100.0,5.4375,,12.1,11,.,Y,AQS Data Mart
88101,4,PM2.5 - Local Conditions,24-HR BLK AVG,2025-05-04,2025,124,Micrograms/cubic meter (LC),1,100.0,5.4,,5.4,0,30,Y,AQS Data Mart
88101,4,PM2.5 - Local Conditions,24-HR BLK AVG,2025-05-04,2025,124,Micrograms/cubic meter (LC),1,100.0,5.4,,5.4,0,30,Y,AQS Data Mart
81102,4,PM10 Total 0-10um STP,1 HOUR,2025-05-04,2025,124,Micrograms/cubic meter (25 C),24,100.0,19.854167,,34.6,11,.,Y,AQS Data Mart
81102,4,PM10 Total 0-10um STP,24-HR BLK AVG,2025-05-04,2025,124,Micrograms/cubic meter (25 C),1,100.0,19.0,,19.0,23,18,Y,AQS Data Mart
88101,4,PM2.5 - Local Conditions,1 HOUR,2025-05-05,2025,125,Micrograms/cubic meter (LC),24,100.0,4.4375,,8.3,1,.,Y,AQS Data Mart
88101,4,PM2.5 - Local Conditions,24-HR BLK AVG,2025-05-05,2025,125,Micrograms/cubic meter (LC),1,100.0,4.4,,4.4,0,24,Y,AQS Data Mart
88101,4,PM2.5 - Local Conditions,24-HR BLK AVG,2025-05-05,2025,125,Micrograms/cubic meter (LC),1,100.0,4.4,,4.4,0,24,Y,AQS Data Mart
81102,4,PM10 Total 0-10um STP,1 HOUR,2025-05-05,2025,125,Micrograms/cubic meter (25 C),24,100.0,18.1375,,61.3,14,.,Y,AQS Data Mart
81102,4,PM10 Total 0-10um STP,24-HR BLK AVG,2025-05-05,2025,125,Micrograms/cubic meter (25 C),1,100.0,18.0,,18.0,23,17,Y,AQS Data Mart
88101,4,PM2.5 - Local Conditions,1 HOUR,2025-05-06,2025,126,Micrograms/cubic meter (LC),24,100.0,5.304167,,7.5,9,.,Y,AQS Data Mart
88101,4,PM2.5 - Local Conditions,24-HR BLK AVG,2025-05-06,2025,126,Micrograms/cubic meter (LC),1,100.0,5.3,,5.3,0,29,Y,AQS Data Mart
88101,4,PM2.5 - Local Conditions,24-HR BLK AVG,2025-05-06,2025,126,Micrograms/cubic meter (LC),1,100.0,5.3,,5.3,0,29,Y,AQS Data Mart
81102,4,PM10 Total 0-10um STP,1 HOUR,2025-05-06,2025,126,Micrograms/cubic meter (25 C),24,100.0,10.3375,,16.4,7,.,Y,AQS Data Mart
81102,4,PM10 Total 0-10um STP,24-HR BLK AVG,2025-05-06,2025,126,Micrograms/cubic meter (25 C),1,100.0,10.0,,10.0,23,9,Y,AQS Data Mart
88101,4,PM2.5 - Local Conditions,1 HOUR,2025-05-07,2025,127,Micrograms/cubic meter (LC),24,100.0,4.95,,7.9,21,.,Y,AQS Data Mart
88101,4,PM2.5 - Local Conditions,24-HR BLK AVG,2025-05-07,2025,127,Micrograms/cubic meter (LC),1,100.0,4.9,,4.9,0,27,Y,AQS Data Mart
88101,4,PM2.5 - Local Conditions,24-HR BLK AVG,2025-05-07,2025,127,Micrograms/cubic meter (LC),1,100.0,4.9,,4.9,0,27,Y,AQS Data Mart
81102,4,PM10 Total 0-10um STP,1 HOUR,2025-05-07,2025,127,Micrograms/cubic meter (25 C),24,100.0,10.416667,,15.2,21,.,Y,AQS Data Mart
81102,4,PM10 Total 0-10um STP,24-HR BLK AVG,2025-05-07,2025,127,Micrograms/cubic meter (25 C),1,100.0,10.0,,10.0,23,9,Y,AQS Data Mart
88101,4,PM2.5 - Local Conditions,1 HOUR,2025-05-08,2025,128,Micrograms/cubic meter (LC),24,100.0,6.4125,,8.6,20,.,Y,AQS Data Mart
88101,4,PM2.5 - Local Conditions,24-HR BLK AVG,2025-05-08,2025,128,Micrograms/cubic meter (LC),1,100.0,6.4,,6.4,0,36,Y,AQS Data Mart
88101,4,PM2.5 - Local Conditions,24-HR BLK AVG,2025-05-08,2025,128,Micrograms/cubic meter (LC),1,100.0,6.4,,6.4,0,36,Y,AQS Data Mart
81102,4,PM10 Total 0-10um STP,1 HOUR,2025-05-08,2025,128,Micrograms/cubic meter (25 C),24,100.0,16.0875,,25.0,20,.,Y,AQS Data Mart
81102,4,PM10 Total 0-10um STP,24-HR BLK AVG,2025-05-08,2025,128,Micrograms/cubic meter (25 C),1,100.0,16.0,,16.0,23,15,Y,AQS Data Mart
88101,4,PM2.5 - Local Conditions,1 HOUR,2025-05-09,2025,129,Micrograms/cubic meter (LC),22,92.0,6.018182,,9.4,10,.,Y,AQS Data Mart
88101,4,PM2.5 - Local Conditions,24-HR BLK AVG,2025-05-09,2025,129,Micrograms/cubic meter (LC),1,100.0,6.0,,6.0,0,33,Y,AQS Data Mart
88101,4,PM2.5 - Local Conditions,24-HR BLK AVG,2025-05-09,2025,129,Micrograms/cubic meter (LC),1,100.0,6.0,,6.0,0,33,Y,AQS Data Mart
81102,4,PM10 Total 0-10um STP,1 HOUR,2025-05-09,2025,129,Micrograms/cubic meter (25 C),22,92.0,16.831818,,27.2,14,.,Y,AQS Data Mart
81102,4,PM10 Total 0-10um STP,24-HR BLK AVG,2025-05-09,2025,129,Micrograms/cubic meter (25 C),1,100.0,16.0,,16.0,23,15,Y,AQS Data Mart
88101,4,PM2.5 - Local Conditions,1 HOUR,2025-05-10,2025,130,Micrograms/cubic meter (LC),24,100.0,6.191667,,9.5,20,.,Y,AQS Data Mart
88101,4,PM2.5 - Local Conditions,24-HR BLK AVG,2025-05-10,2025,130,Micrograms/cubic meter (LC),1,100.0,6.1,,6.1,0,34,Y,AQS Data Mart
88101,4,PM2.5 - Local Conditions,24-HR BLK AVG,2025-05-10,2025,130,Micrograms/cubic meter (LC),1,100.0,6.1,,6.1,0,34,Y,AQS Data Mart
81102,4,PM10 Total 0-10um STP,1 HOUR,2025-05-10,2025,130,Micrograms/cubic meter (25 C),24,100.0,18.5375,,29.4,20,.,Y,AQS Data Mart
81102,4,PM10 Total 0-10um STP,24-HR BLK AVG,2025-05-10,2025,130,Micrograms/cubic meter (25 C),1,100.0,18.0,,18.0,23,17,Y,AQS Data Mart
88101,4,PM2.5 - Local Conditions,1 HOUR,2025-05-11,2025,131,Micrograms/cubic meter (LC),24,100.0,5.604167,,7.7,11,.,Y,AQS Data Mart
88101,4,PM2.5 - Local Conditions,24-HR BLK AVG,2025-05-11,2025,131,Micrograms/cubic meter (LC),1,100.0,5.6,,5.6,0,31,Y,AQS Data Mart
88101,4,PM2.5 - Local Conditions,24-HR BLK AVG,2025-05-11,2025,131,Micrograms/cubic meter (LC),1,100.0,5.6,,5.6,0,31,Y,AQS Data Mart
81102,4,PM10 Total 0-10um STP,1 HOUR,2025-05-11,2025,131,Micrograms/cubic meter (25 C),24,100.0,18.070833,,25.0,11,.,Y,AQS Data Mart
81102,4,PM10 Total 0-10um STP,24-HR BLK AVG,2025-05-11,2025,131,Micrograms/cubic meter (25 C),1,100.0,18.0,,18.0,23,17,Y,AQS Data Mart
88101,4,PM2.5 - Local Conditions,1 HOUR,2025-05-12,2025,132,Micrograms/cubic meter (LC),24,100.0,6.120833,,8.2,20,.,Y,AQS Data Mart
88101,4,PM2.5 - Local Conditions,24-HR BLK AVG,2025-05-12,2025,132,Micrograms/cubic meter (LC),1,100.0,6.1,,6.1,0,34,Y,AQS Data Mart
88101,4,PM2.5 - Local Conditions,24-HR BLK AVG,2025-05-12,2025,132,Micrograms/cubic meter (LC),1,100.0,6.1,,6.1,0,34,Y,AQS Data Mart
81102,4,PM10 Total 0-10um STP,1 HOUR,2025-05-12,2025,132,Micrograms/cubic meter (25 C),24,100.0,26.316667,,41.4,9,.,Y,AQS Data Mart
81102,4,PM10 Total 0-10um STP,24-HR BLK AVG,2025-05-12,2025,132,Micrograms/cubic meter (25 C),1,100.0,26.0,,26.0,23,24,Y,AQS Data Mart
88101,4,PM2.5 - Local Conditions,1 HOUR,2025-05-13,2025,133,Micrograms/cubic meter (LC),24,100.0,6.708333,,10.2,23,.,Y,AQS Data Mart
88101,4,PM2.5 - Local Conditions,24-HR BLK AVG,2025-05-13,2025,133,Micrograms/cubic meter (LC),1,100.0,6.7,,6.7,0,37,Y,AQS Data Mart
88101,4,PM2.5 - Local Conditions,24-HR BLK AVG,2025-05-13,2025,133,Micrograms/cubic meter (LC),1,100.0,6.7,,6.7,0,37,Y,AQS Data Mart
81102,4,PM10 Total 0-10um STP,1 HOUR,2025-05-13,2025,133,Micrograms/cubic meter (25 C),24,100.0,40.229167,,81.7,23,.,Y,AQS Data Mart
81102,4,PM10 Total 0-10um STP,24-HR BLK AVG,2025-05-13,2025,133,Micrograms/cubic meter (25 C),1,100.0,40.0,,40.0,23,37,Y,AQS Data Mart
88101,4,PM2.5 - Local Conditions,1 HOUR,2025-05-14,2025,134,Micrograms/cubic meter (LC),24,100.0,6.508333,,28.9,14,.,Y,AQS Data Mart
88101,4,PM2.5 - Local Conditions,24-HR BLK AVG,2025-05-14,2025,134,Micrograms/cubic meter (LC),1,100.0,6.5,,6.5,0,36,Y,AQS Data Mart
88101,4,PM2.5 - Local Conditions,24-HR BLK AVG,2025-05-14,2025,134,Micrograms/cubic meter (LC),1,100.0,6.5,,6.5,0,36,Y,AQS Data Mart
81102,4,PM10 Total 0-10um STP,1 HOUR,2025-05-14,2025,134,Micrograms/cubic meter (25 C),24,100.0,63.2625,,645.6,14,.,Y,AQS Data Mart
81102,4,PM10 Total 0-10um STP,24-HR BLK AVG,2025-05-14,2025,134,Micrograms/cubic meter (25 C),1,100.0,63.0,,63.0,23,55,Y,AQS Data Mart
88101,4,PM2.5 - Local Conditions,1 HOUR,2025-05-15,2025,135,Micrograms/cubic meter (LC),23,96.0,1.878261,,3.1,0,.,Y,AQS Data Mart
88101,4,PM2.5 - Local Conditions,24-HR BLK AVG,2025-05-15,2025,135,Micrograms/cubic meter (LC),1,100.0,1.8,,1.8,0,10,Y,AQS Data Mart
88101,4,PM2.5 - Local Conditions,24-HR BLK AVG,2025-05-15,2025,135,Micrograms/cubic meter (LC),1,100.0,1.8,,1.8,0,10,Y,AQS Data Mart
81102,4,PM10 Total 0-10um STP,1 HOUR,2025-05-15,2025,135,Micrograms/cubic meter (25 C),23,96.0,11.93913,,31.8,15,.,Y,AQS Data Mart
81102,4,PM10 Total 0-10um STP,24-HR BLK AVG,2025-05-15,2025,135,Micrograms/cubic meter (25 C),1,100.0,11.0,,11.0,23,10,Y,AQS Data Mart
88101,4,PM2.5 - Local Conditions,1 HOUR,2025-05-16,2025,136,Micrograms/cubic meter (LC),24,100.0,3.0,,4.5,17,.,Y,AQS Data Mart
88101,4,PM2.5 - Local Conditions,24-HR BLK AVG,2025-05-16,2025,136,Micrograms/cubic meter (LC),1,100.0,3.0,,3.0,0,17,Y,AQS Data Mart
88101,4,PM2.5 - Local Conditions,24-HR BLK AVG,2025-05-16,2025,136,Micrograms/cubic meter (LC),1,100.0,3.0,,3.0,0,17,Y,AQS Data Mart
81102,4,PM10 Total 0-10um STP,1 HOUR,2025-05-16,2025,136,Micrograms/cubic meter (25 C),24,100.0,13.525,,24.5,14,.,Y,AQS Data Mart
81102,4,PM10 Total 0-10um STP,24-HR BLK AVG,2025-05-16,2025,136,Micrograms/cubic meter (25 C),1,100.0,13.0,,13.0,23,12,Y,AQS Data Mart
88101,4,PM2.5 - Local Conditions,1 HOUR,2025-05-17,2025,137,Micrograms/cubic meter (LC),24,100.0,4.725,,7.4,11,.,Y,AQS Data Mart
88101,4,PM2.5 - Local Conditions,24-HR BLK AVG,2025-05-17,2025,137,Micrograms/cubic meter (LC),1,100.0,4.7,,4.7,0,26,Y,AQS Data Mart
88101,4,PM2.5 - Local Conditions,24-HR BLK AVG,2025-05-17,2025,137,Micrograms/cubic meter (LC),1,100.0,4.7,,4.7,0,26,Y,AQS Data Mart
81102,4,PM10 Total 0-10um STP,1 HOUR,2025-05-17,2025,137,Micrograms/cubic meter (25 C),24,100.0,19.3125,,29.8,9,.,Y,AQS Data Mart
81102,4,PM10 Total 0-10um STP,24-HR BLK AVG,2025-05-17,2025,137,Micrograms/cubic meter (25 C),1,100.0,19.0,,19.0,23,18,Y,AQS Data Mart
88101,4,PM2.5 - Local Conditions,1 HOUR,2025-05-18,2025,138,Micrograms/cubic meter (LC),24,100.0,7.191667,,14.6,11,.,Y,AQS Data Mart
88101,4,PM2.5 - Local Conditions,24-HR BLK AVG,2025-05-18,2025,138,Micrograms/cubic meter (LC),1,100.0,7.1,,7.1,0,39,Y,AQS Data Mart
88101,4,PM2.5 - Local Conditions,24-HR BLK AVG,2025-05-18,2025,138,Micrograms/cubic meter (LC),1,100.0,7.1,,7.1,0,39,Y,AQS Data Mart
81102,4,PM10 Total 0-10um STP,1 HOUR,2025-05-18,2025,138,Micrograms/cubic meter (25 C),24,100.0,25.925,,56.8,9,.,Y,AQS Data Mart
81102,4,PM10 Total 0-10um STP,24-HR BLK AVG,2025-05-18,2025,138,Micrograms/cubic meter (25 C),1,100.0,25.0,,25.0,23,23,Y,AQS Data Mart
88101,4,PM2.5 - Local Conditions,1 HOUR,2025-05-19,2025,139,Micrograms/cubic meter (LC),24,100.0,3.0125,,4.2,21,.,Y,AQS Data Mart
88101,4,PM2.5 - Local Conditions,24-HR BLK AVG,2025-05-19,2025,139,Micrograms/cubic meter (LC),1,100.0,3.0,,3.0,0,17,Y,AQS Data Mart
88101,4,PM2.5 - Local Conditions,24-HR BLK AVG,2025-05-19,2025,139,Micrograms/cubic meter (LC),1,100.0,3.0,,3.0,0,17,Y,AQS Data Mart
81102,4,PM10 Total 0-10um STP,1 HOUR,2025-05-19,2025,139,Micrograms/cubic meter (25 C),24,100.0,16.091667,,59.8,14,.,Y,AQS Data Mart
81102,4,PM10 Total 0-10um STP,24-HR BLK AVG,2025-05-19,2025,139,Micrograms/cubic meter (25 C),1,100.0,16.0,,16.0,23,15,Y,AQS Data Mart
88101,4,PM2.5 - Local Conditions,1 HOUR,2025-05-20,2025,140,Micrograms/cubic meter (LC),24,100.0,3.554167,,8.2,14,.,Y,AQS Data Mart
88101,4,PM2.5 - Local Conditions,24-HR BLK AVG,2025-05-20,2025,140,Micrograms/cubic meter (LC),1,100.0,3.5,,3.5,0,19,Y,AQS Data Mart
88101,4,PM2.5 - Local Conditions,24-HR BLK AVG,2025-05-20,2025,140,Micrograms/cubic meter (LC),1,100.0,3.5,,3.5,0,19,Y,AQS Data Mart
81102,4,PM10 Total 0-10um STP,1 HOUR,2025-05-20,2025,140,Micrograms/cubic meter (25 C),24,100.0,36.641667,,186.2,14,.,Y,AQS Data Mart
81102,4,PM10 Total 0-10um STP,24-HR BLK AVG,2025-05-20,2025,140,Micrograms/cubic meter (25 C),1,100.0,36.0,,36.0,23,33,Y,AQS Data Mart
88101,4,PM2.5 - Local Conditions,1 HOUR,2025-05-21,2025,141,Micrograms/cubic meter (LC),24,100.0,4.029167,,7.4,16,.,Y,AQS Data Mart
88101,4,PM2.5 - Local Conditions,24-HR BLK AVG,2025-05-21,2025,141,Micrograms/cubic meter (LC),1,100.0,4.0,,4.0,0,22,Y,AQS Data Mart
88101,4,PM2.5 - Local Conditions,24-HR BLK AVG,2025-05-21,2025,141,Micrograms/cubic meter (LC),1,100.0,4.0,,4.0,0,22,Y,AQS Data Mart
81102,4,PM10 Total 0-10um STP,1 HOUR,2025-05-21,2025,141,Micrograms/cubic meter (25 C),24,100.0,34.2875,,129.6,16,.,Y,AQS Data Mart
81102,4,PM10 Total 0-10um STP,24-HR BLK AVG,2025-05-21,2025,141,Micrograms/cubic meter (25 C),1,100.0,34.0,,34.0,23,31,Y,AQS Data Mart
88101,4,PM2.5 - Local Conditions,1 HOUR,2025-05-22,2025,142,Micrograms/cubic meter (LC),24,100.0,5.733333,,8.5,12,.,Y,AQS Data Mart
88101,4,PM2.5 - Local Conditions,24-HR BLK AVG,2025-05-22,2025,142,Micrograms/cubic meter (LC),1,100.0,5.7,,5.7,0,32,Y,AQS Data Mart
88101,4,PM2.5 - Local Conditions,24-HR BLK AVG,2025-05-22,2025,142,Micrograms/cubic meter (LC),1,100.0,5.7,,5.7,0,32,Y,AQS Data Mart
81102,4,PM10 Total 0-10um STP,1 HOUR,2025-05-22,2025,142,Micrograms/cubic meter (25 C),24,100.0,37.041667,,74.3,15,.,Y,AQS Data Mart
81102,4,PM10 Total 0-10um STP,24-HR BLK AVG,2025-05-22,2025,142,Micrograms/cubic meter (25 C),1,100.0,37.0,,37.0,23,34,Y,AQS Data Mart
88101,4,PM2.5 - Local Conditions,1 HOUR,2025-05-23,2025,143,Micrograms/cubic meter (LC),24,100.0,8.266667,,12.3,21,.,Y,AQS Data Mart
88101,4,PM2.5 - Local Conditions,24-HR BLK AVG,2025-05-23,2025,143,Micrograms/cubic meter (LC),1,100.0,8.2,,8.2,0,46,Y,AQS Data Mart
88101,4,PM2.5 - Local Conditions,24-HR BLK AVG,2025-05-23,2025,143,Micrograms/cubic meter (LC),1,100.0,8.2,,8.2,0,46,Y,AQS Data Mart
81102,4,PM10 Total 0-10um STP,1 HOUR,2025-05-23,2025,143,Micrograms/cubic meter (25 C),24,100.0,40.270833,,62.1,18,.,Y,AQS Data Mart
81102,4,PM10 Total 0-10um STP,24-HR BLK AVG,2025-05-23,2025,143,Micrograms/cubic meter (25 C),1,100.0,40.0,,40.0,23,37,Y,AQS Data Mart
88101,4,PM2.5 - Local Conditions,1 HOUR,2025-05-24,2025,144,Micrograms/cubic meter (LC),24,100.0,10.425,,18.6,5,.,Y,AQS Data Mart
88101,4,PM2.5 - Local Conditions,24-HR BLK AVG,2025-05-24,2025,144,Micrograms/cubic meter (LC),1,100.0,10.4,,10.4,0,53,Y,AQS Data Mart
88101,4,PM2.5 - Local Conditions,24-HR BLK AVG,2025-05-24,2025,144,Micrograms/cubic meter (LC),1,100.0,10.4,,10.4,0,53,Y,AQS Data Mart
81102,4,PM10 Total 0-10um STP,1 HOUR,2025-05-24,2025,144,Micrograms/cubic meter (25 C),24,100.0,24.0875,,49.9,5,.,Y,AQS Data Mart
81102,4,PM10 Total 0-10um STP,24-HR BLK AVG,2025-05-24,2025,144,Micrograms/cubic meter (25 C),1,100.0,24.0,,24.0,23,22,Y,AQS Data Mart
88101,4,PM2.5 - Local Conditions,1 HOUR,2025-05-25,2025,145,Micrograms/cubic meter (LC),24,100.0,3.983333,,7.1,21,.,Y,AQS Data Mart
88101,4,PM2.5 - Local Conditions,24-HR BLK AVG,2025-05-25,2025,145,Micrograms/cubic meter (LC),1,100.0,3.9,,3.9,0,22,Y,AQS Data Mart
88101,4,PM2.5 - Local Conditions,24-HR BLK AVG,2025-05-25,2025,145,Micrograms/cubic meter (LC),1,100.0,3.9,,3.9,0,22,Y,AQS Data Mart
81102,4,PM10 Total 0-10um STP,1 HOUR,2025-05-25,2025,145,Micrograms/cubic meter (25 C),24,100.0,7.470833,,15.2,21,.,Y,AQS Data Mart
81102,4,PM10 Total 0-10um STP,24-HR BLK AVG,2025-05-25,2025,145,Micrograms/cubic meter (25 C),1,100.0,7.0,,7.0,23,6,Y,AQS Data Mart
88101,4,PM2.5 - Local Conditions,1 HOUR,2025-05-26,2025,146,Micrograms/cubic meter (LC),24,100.0,3.825,,6.3,4,.,Y,AQS Data Mart
88101,4,PM2.5 - Local Conditions,24-HR BLK AVG,2025-05-26,2025,146,Micrograms/cubic meter (LC),1,100.0,3.8,,3.8,0,21,Y,AQS Data Mart
88101,4,PM2.5 - Local Conditions,24-HR BLK AVG,2025-05-26,2025,146,Micrograms/cubic meter (LC),1,100.0,3.8,,3.8,0,21,Y,AQS Data Mart
81102,4,PM10 Total 0-10um STP,1 HOUR,2025-05-26,2025,146,Micrograms/cubic meter (25 C),24,100.0,8.916667,,12.8,23,.,Y,AQS Data Mart
81102,4,PM10 Total 0-10um STP,24-HR BLK AVG,2025-05-26,2025,146,Micrograms/cubic meter (25 C),1,100.0,8.0,,8.0,23,7,Y,AQS Data Mart
88101,4,PM2.5 - Local Conditions,1 HOUR,2025-05-27,2025,147,Micrograms/cubic meter (LC),24,100.0,9.2125,,15.3,13,.,Y,AQS Data Mart
88101,4,PM2.5 - Local Conditions,24-HR BLK AVG,2025-05-27,2025,147,Micrograms/cubic meter (LC),1,100.0,9.2,,9.2,0,51,Y,AQS Data Mart
88101,4,PM2.5 - Local Conditions,24-HR BLK AVG,2025-05-27,2025,147,Micrograms/cubic meter (LC),1,100.0,9.2,,9.2,0,51,Y,AQS Data Mart
81102,4,PM10 Total 0-10um STP,1 HOUR,2025-05-27,2025,147,Micrograms/cubic meter (25 C),24,100.0,18.4875,,32.4,9,.,Y,AQS Data Mart
81102,4,PM10 Total 0-10um STP,24-HR BLK AVG,2025-05-27,2025,147,Micrograms/cubic meter (25 C),1,100.0,18.0,,18.0,23,17,Y,AQS Data Mart
88101,4,PM2.5 - Local Conditions,1 HOUR,2025-05-28,2025,148,Micrograms/cubic meter (LC),24,100.0,5.220833,,10.3,13,.,Y,AQS Data Mart
88101,4,PM2.5 - Local Conditions,24-HR BLK AVG,2025-05-28,2025,148,Micrograms/cubic meter (LC),1,100.0,5.2,,5.2,0,29,Y,AQS Data Mart
88101,4,PM2.5 - Local Conditions,24-HR BLK AVG,2025-05-28,2025,148,Micrograms/cubic meter (LC),1,100.0,5.2,,5.2,0,29,Y,AQS Data Mart
81102,4,PM10 Total 0-10um STP,1 HOUR,2025-05-28,2025,148,Micrograms/cubic meter (25 C),24,100.0,12.145833,,22.4,13,.,Y,AQS Data Mart
81102,4,PM10 Total 0-10um STP,24-HR BLK AVG,2025-05-28,2025,148,Micrograms/cubic meter (25 C),1,100.0,12.0,,12.0,23,11,Y,AQS Data Mart
88101,4,PM2.5 - Local Conditions,1 HOUR,2025-05-29,2025,149,Micrograms/cubic meter (LC),22,92.0,4.1,,6.6,20,.,Y,AQS Data Mart
88101,4,PM2.5 - Local Conditions,24-HR BLK AVG,2025-05-29,2025,149,Micrograms/cubic meter (LC),1,100.0,4.1,,4.1,0,23,Y,AQS Data Mart
88101,4,PM2.5 - Local Conditions,24-HR BLK AVG,2025-05-29,2025,149,Micrograms/cubic meter (LC),1,100.0,4.1,,4.1,0,23,Y,AQS Data Mart
81102,4,PM10 Total 0-10um STP,1 HOUR,2025-05-29,2025,149,Micrograms/cubic meter (25 C),22,92.0,10.159091,,21.2,20,.,Y,AQS Data Mart
81102,4,PM10 Total 0-10um STP,24-HR BLK AVG,2025-05-29,2025,149,Micrograms/cubic meter (25 C),1,100.0,10.0,,10.0,23,9,Y,AQS Data Mart
88101,4,PM2.5 - Local Conditions,1 HOUR,2025-05-30,2025,150,Micrograms/cubic meter (LC),24,100.0,5.758333,,6.7,1,.,Y,AQS Data Mart
88101,4,PM2.5 - Local Conditions,24-HR BLK AVG,2025-05-30,2025,150,Micrograms/cubic meter (LC),1,100.0,5.7,,5.7,0,32,Y,AQS Data Mart
88101,4,PM2.5 - Local Conditions,24-HR BLK AVG,2025-05-30,2025,150,Micrograms/cubic meter (LC),1,100.0,5.7,,5.7,0,32,Y,AQS Data Mart
81102,4,PM10 Total 0-10um STP,24-HR BLK AVG,2025-05-30,2025,150,Micrograms/cubic meter (25 C),1,100.0,20.0,,20.0,23,19,Y,AQS Data Mart
81102,4,PM10 Total 0-10um STP,1 HOUR,2025-05-30,2025,150,Micrograms/cubic meter (25 C),24,100.0,20.8,,45.6,6,.,Y,AQS Data Mart
88101,4,PM2.5 - Local Conditions,1 HOUR,2025-05-31,2025,151,Micrograms/cubic meter (LC),24,100.0,6.204167,,10.0,20,.,Y,AQS Data Mart
88101,4,PM2.5 - Local Conditions,24-HR BLK AVG,2025-05-31,2025,151,Micrograms/cubic meter (LC),1,100.0,6.2,,6.2,0,34,Y,AQS Data Mart
81102,4,PM10 Total 0-10um STP,24-HR BLK AVG,2025-05-31,2025,151,Micrograms/cubic meter (25 C),1,100.0,21.0,,21.0,23,19,Y,AQS Data Mart
81102,4,PM10 Total 0-10um STP,1 HOUR,2025-05-31,2025,151,Micrograms/cubic meter (25 C),24,100.0,21.204167,,41.8,6,.,Y,AQS Data Mart
88101,4,PM2.5 - Local Conditions,24-HR BLK AVG,2025-05-31,2025,151,Micrograms/cubic meter (LC),1,100.0,6.2,,6.2,0,34,Y,AQS Data Mart
